seqs,fitness
FNVAVASNATLPKKAKHTEDTGQGGEIDMEIE,3.8632911389999998
FNVAVASNATLPKKPKHTESTGQGGPIDMEIE,3.396864584
FNVAVASNATLPRKLKHTEETGQGGEIDLEIE,3.380379747
FNVAVASNATLPRKAKHTEATGQGGEIDMEID,3.315991561
FNAAVASNATLPKHPKHTEESAQGGEIDLEIV,3.276321481
FNVAVASNATLPKQPKHTESTGQGGPIDMEIE,3.224030558
FNVAVASNATLPKKLKHTESTGQGGSIDMEIE,3.17612673
FNVAVASNATLPKKLKHTESTGQGGRIDMEIE,3.1604830919999998
FNVAVASNATLPKKLKHTESTGQGGPIDMEIE,3.05267009
FNVAVASNATLPKKLKHTESTGQGGKIDMEIE,3.05041212
FNVAVASNATLPKHPKHTEESAQGGEIDLEMV,2.924527373
FNVAVASNATLPNKPKHTEATGQGGEIDLEIE,2.9232236289999998
FNVAVASNATLPKKLKHTESTGQGGTIDMEIE,2.867034144
FNVAVASNATLPKHAKHTEKSGQGGAIDMEIV,2.865274262
FSVAVASNATLPKHPKHTEESAQGGEIDLEIV,2.8322959819999998
FNVATASNATLPKKLKHTESTGQGGPIDMEIE,2.795002062
FNVAVASNATLPRKAKHTESSGQGGEIDMEIE,2.717181435
FNDAVASNATLPKKLKHTESTGQGGPIDMEIE,2.6984849910000004
FNVAVASNATLPKHPKHHEESAQGGEIDLEIV,2.69272058
FNVAVASNATLPKKAKHTEDSGQGGAIDMEIV,2.607721519
FNSAVASNATLPKHPKHTEESAQGGEIDLEIV,2.607298807
FNVAVAVDATLPKKLKHTESTGQGGPIDMEIE,2.541620935
FSVAVASNATLPKKLKHTESTGQGGPIDMEIE,2.528784557
FNVAVASNATLPNHKKHTEASGQGGEINMEID,2.511139241
FNVAVASNATLPNKAKHTEDTGQGGEIDLEID,2.504700422
FNVAVASNATLPKRPKHTESTGQGGPIDMEIE,2.429778449
FNVAVASNATLPKHPKHTEESAQGGEIDLESV,2.424450443
FNVAVASNATLPKHKKHTEATGQGGPIDLEIV,2.401679325
FNVAVASNATLPKHPKHTEESLQGGEIDLEIV,2.397060175
FNVAEASNATLPKKLKHTESTGQGGPIDMEIE,2.38711822
FNVAVASNATLPKHPKHTESTGQGGRIDMEIE,2.35028331
FNVAVASNATLPKHKKHTEATAQGGPINMEID,2.3050970459999998
FNVAVASNATLPKHPKHREESAQGGEIDLEIV,2.2804792330000003
FNVAVASNATLPNKLKHTESTGQGGPIDMEID,2.260025316
FNEAVASNATLPKKLKHTESTGQGGPIDMEIE,2.24059745
FNVAVASNATLPKHPKHKEESAQGGEIDLEIV,2.225241868
FNVAVASNATLPKHPKCTEESAQGGEIDLEIV,2.168953723
FNVAVASNATLPKKPKHTEKTGQGGEIDMEID,2.150565401
FNVAVASNATLPKKLKHTEDIGQGGEIDMEIV,2.1376877640000003
FNVAVASNATLPKHPKHTEESAQGGEIDLERV,2.114555321
FNVAVASNATLPKKLKHTESTGQGGLIDMEIE,2.1113641359999997
FNVAVASNATLPKHLKHTESTGQGGPIDMEIV,2.092616034
FNIAVASNATLPKHPKHTEESAQGGEIDLEIV,2.092165036
FNVAVASNATLPRHAKHTEATGQGGPIDMEIE,2.053983122
FNVAVASNATLPKHPKATEESAQGGEIDLEIV,2.019723323
FNVAVASNATLPNHVKHTENTGQGGAIDMEID,2.008911392
FNVAVASNATLPKHPKRTEESAQGGEIDLEIV,1.943021961
FNLAVASNATLPKKLKHTESTGQGGPIDMEIE,1.9314501380000002
FNVAVASNATLPKKLKHTEETGQGGAIDLEIV,1.921
FNVAVASKATLPKKLKHTESTGQGGPIDMEIE,1.861037551
FNKAVASNATLPKHPKHTEESAQGGEIDLEIV,1.845445499
FNVAVASNATLPKHPKHTEESAQAGEIDLEIV,1.8331171240000002
FNVAVASNATLPKHPKHPEESAQGGEIDLEIV,1.767542524
FNVAVASNATLPKHPKHTEESAQPGEIDLEIV,1.73928262
FNVAVASNATLPKHPKHTEESAQHGEIDLEIV,1.736266682
FNVAVASNATLPNHAKHTESTAQGGAIDMEIE,1.699848101
FNVAVASNATLPKKLKHTESTAQGGPIDMEID,1.66121519
FNVAVASNATLPKHPKHTESTGQGGPIDMEIE,1.6439542040000001
FNVAVASNATLPKHEKHTESTGQGGRIDMEIE,1.6439542040000001
FNVAVASNATLPKHLKHTEATAQGGAIDMEID,1.61614346
FNVAVASNATLPKHPKHTEESKQGGEIDLEIV,1.590511456
FNVAVASNATLPNKPKHTEDSAQGGPIDMEIV,1.554
INADVVKNAEAPKHPKHTEESAQGGEIDLEIV,1.47
FNVAVASNATLPNHKKHTEATGQGGAIDLEID,1.468050633
FNVAVASNATLPNHAKHTEDTAQGGPIDLEID,1.461611814
FNVAVASNATLPNHAKHTEATAQGGEIDMEIV,1.455172996
FNFAVASNATLPKKLKHTESTGQGGPIDMEIE,1.4334846419999998
LNLDIAKNIELPIKLKHTESTGQGGPIDMEIE,1.397801013
FNVAVASNATLPKHPKHTEESAQSGEIDLEIV,1.385185121
FNVAVASNATLPRHAKHTESTAQGGPIDMEIV,1.352151899
FNVAVASNATLPRHKKHTEDSGQGGPIDLEID,1.34571308
FNVAVASNATLPKHAKHTEAIAQGGPINLEIV,1.3430000000000002
FNVAVASNATLPKTPKHTESTGQGGPIDMEIE,1.32996462
RDCGLDVNVSLPKHPKHTEESAQGGEIDLEIV,1.308
FNVAVASNATLPRHAKHTESIGQGGAIDMEIE,1.3019999999999998
FNVAVASNATLPRHLKHTESTAQGGEIDMEIE,1.2620084390000001
FNVAVASNATLPNKVKHTEDIAQGGAIDMEID,1.25556962
FNVAVASNATLPNHKKHTEETGQGGAIDMEIV,1.242691983
FNVAVASNATLPNHAKHTEASAQGGPIDMEID,1.197620253
FNVAVASNATLPKHPKHTDESAQGGEIDLELV,1.183042398
FNVAVASNATLPKHPKHTEEIGQGGGIDMEID,1.165
FNVAVASNATLPKHPKHTEESAQGGEIDLELV,1.125839633
INFGVEDNNDTPKHPKHTEESAQGGEIDLEIV,1.12
FNVAVASNATLPNKLKHTEETAQGGAINMGIE,1.111
FNVAVASNATLPRHAKHTEKSGQGGAIDMEIE,1.073
SNLGVARNAKAPKHPKHTEESAQGGEIDLEIV,1.067
FNVAVASNATLPNHAKHTESSAQGGPIDMEIE,1.055966245
FNVAVASNATLPKHAKHTEATAQGGAIDLEID,1.049527426
FNADIVNNATAPKHPKHTEESAQGGEIDLEIV,1.046
RNFDLAGNADAPKHPKHTEESAQGGEIDLEIV,1.0170000000000001
FNVAVASNATLPKHPKHTEESAQGGEIDLEIV,1.0
FNVAVASNATLPRHPKHTEKSAQGGGINLEID,1.0
FDSALVGNNDRPKHPKHTEESAQGGEIDLEIV,0.981
FNVAVASNATLPNKAKHTEETAQGGEIDLEID,0.965822785
FNVAVASNATLPRHLRHTEATGQGGEIDMEIV,0.965822785
TNEAIGVNRGGPKHPKHTEESAQGGEIDLEIV,0.94
FNVAVASNATLPKHPKHTESTAQGGEIDMEID,0.927189873
FNVAVASNATLPKHPKHTEKTAQGGAIDLEIV,0.8640000000000001
LDVDLVNNNASPKHPKHTEESAQGGEIDLEIV,0.799
IDSGLVDNVEGPKHPKHTEESAQGGEIDLEIV,0.7879999999999999
FDEGIVKNIDTPKHPKHTEESAQGGEIDLEIV,0.779
FNLGVVGNNASPKHPKHTEESAQGGEIDLEIV,0.764
FNVAVASNATLPNKKKHTEKIAQGGPIDMEIV,0.755
FNVAVASNATLPKKKKHTEKIAQGGEIDLEIE,0.75
LDDGVANNIDRPKHPKHTEESAQGGEIDLEIV,0.726
FNVAVASNATLPRHPKHTEDSAQGGPIDLEID,0.674
RNFAVVENVTIPPKLKHTESTGQGGPIDMEIE,0.665880228
FNVAVASNATLPNHAKHTEKIAQGGGIDMEIE,0.654
INVDVVGNDKVPKHPKHTEESAQGGEIDLEIV,0.636
FNVAVASNATLPRHLKHTEDTAQGGAIDLEIE,0.626
FNVAVASNATLPKHPKHTEESALGGEIDLEIV,0.5588895429999999
FNVAVASNATLPNHLKHTEAIGQGGPINMEID,0.513
FDLGVVRNINTPSKLKHTESTGQGVPIDMEIE,0.497022986
FNVAVASNATLPKHPKHTEESATGGEIDLEIV,0.491360609
FNVAVASNATLPKHAKHTEAIAQGGEILLEID,0.473
RNDGVDSNIARPKHPKHTEESAQGGEIDLEIV,0.45299999999999996
RNRVLAGNVRLPKHPKHTEESAQGGEIDLEIV,0.423
SNEAVVNNAEGPKHPKHTEESAQGGEIDLEIV,0.418523207
FNVAVASNATLPRKKKHTEDIGQGGEIDMEIE,0.40700000000000003
LNAAIDRNNEPPKHPKHTEESAQGGEIDLEIV,0.406
FNVAQAMNATLPKKLKHTESTGQGGPIDMEIE,0.399334365
FNVAVASNATLPKHPKHTEESAAGGEIDLEIV,0.380776422
FNVAVASNATLPKHAKHTESTGQGGAIDMEIE,0.375
FNVAVASNATLPKHPKHTEESAWGGEIDLEIV,0.369781729
FNVAVASNATLPNHKKHTEETGQGGGINMEIE,0.347696203
TDPGIGINILIPKHPKHTEESAQGGEIDLEIV,0.231
YYAGVAVNVSGPKHPKHTEESAQGGEIDLEIV,0.21899999999999997
CDLAVVSNIAIPKHPKHTEESAQGGEIDLEIV,0.203
FNVAVASNATLPKKAKHTEDTAQGGPIDMEIV,0.198
FNVAVASNATLPKHAKHTEATAQGGAIDLEID,0.174
FNVAVASNATLPNHLKHTEKSAQGGPINLEIV,0.172
FNVAVASNATLPSHAKHTEDTAQGGPIDLEID,0.160970464
RYEGVDRNGMPPKHPKHTEESAQGGEIDLEIV,0.152
FDYGLVKNDTVPKHPKHTEESAQGGEIDLEIV,0.146
FNVGIVGNNDRPKHPKHTEESAQGGEIDLEIV,0.138
FNVAVASNATLPNHPKHTEDTAQGGGIDMEIE,0.134
CDVDVVRNTTLPKHPKHTEESAQGGEIDLEIV,0.126
FNVAVASNATLPRHAKHTEAIGQGGAIDLEIV,0.122
SYCAVGENQGTPKHPKHTEESAQGGEIDLEIV,0.11900000000000001
FNVAVASNATLPKHPKHTEKTGQGGGIDLEID,0.106
NNSDVADNTAGPKHPKHTEESAQGGEIDLEIV,0.098
FNVAVASNATLPKKLKHTEESAQGGEIDLEID,0.094
GYCVLAGNRAAPKHPKHTEESAQGGEIDLEIV,0.08800000000000001
CNAALDGNVKSPKHPKHTEESAQGGEIDLEIV,0.07200000000000001
LHCAIAVNQSGPKHPKHTEESAQGGEIDLEIV,0.066
IHGAVGDNGLIPKHPKHTEESAQGGEIDLEIV,0.055
CDVVLGINVMGPKHPKHTEESAQGGEIDLEIV,0.054000000000000006
RDEGIDNNNARPKHPKHTEESAQGGEIDLEIV,0.053
GDLVIGDNWSLPKHPKHTEESAQGGEIDLEIV,0.038
DHKGVGLNALRPKHPKHTEESAQGGEIDLEIV,0.037000000000000005
FNVAVASNATLPKHKKHTEKIAQGGPIDMEID,0.036000000000000004
ADRGVEGNPTAPKHPKHTEESAQGGEIDLEIV,0.034
GYVGLGLNYVEPKHPKHTEESAQGGEIDLEIV,0.031
RDDGVDNNAAPPKHPKHTEESAQGGEIDLEIV,0.031
CNYAVAGNIETPKHPKHTEESAQGGEIDLEIV,0.016
IDADIAKNNKPPKHPKHTEESAQGGEIDLEIV,0.016
FNVAVASNATLLKHPKHTEESAQGGEIDLEIV,0.006999999999999999
GYVDLVRNMEGPKHPKHTEESAQGGEIDLEIV,0.003
LDPGIGANTCEPKHPKHTEESAQGGETDLEIV,0.001
CNLDLVGNATIPKHPKHTEESAQGGEIDLEIV,0.0
LDAALDNNAETPKHPKHTEESAQGGEIDLEIV,0.0
FNVAVASNATLPKKAKHTESIGQGGPIDMEIV,0.0
FNVAVASNATLPKHKKHTEASAQGGEIDLEIV,0.0
FNSGIVGNDALPKHPKHTEESAQGGEIDLEIV,0.0
