Receptor_resno,Peptide_resno,Receptor_res,Peptide_res
0,5,D,S
1,5-7,L,SQ
3,7-9,V,QK
4,9,S,K
5,9-10-11,L,KSA
6,11,I,A
7,11-12-13-14,P,ADIV
8,13,V,I
10,13-14-15-16,L,IVFS
11,15-16-17,K,FSS
12,15-16-17,A,FSS
20,13,I,I
21,11-13,A,AI
30,2-5,L,LS
33,5,F,S
36,8,I,Q
49,13,V,I
57,13,V,I
70,1,E,F
72,1,W,F
76,1,W,F
95,15,V,F
96,15,T,F
97,15-16-17,A,FSS
98,14-15,D,VF
99,12-13-14,T,DIV
100,12-13-14-15,Y,DIVF
101,10-11-12-13,P,SADI
102,10-11-12-13,I,SADI
103,8-9-10,T,QKS
104,8-9-10,L,QKS
105,6-7-8,D,EQQ
106,6-7-8-9,V,EQQK
107,1-2-3-5-6-7,V,FLPSEQ
108,0-1-2,Y,SFL
109,0-2,Q,SL
