sequence,fitness,frag
KPTENNEDFNIVAVASNFATTDLDADRGKLPGKKLPLEVLKEMEANARKAGCTRGCLICLSKIKCTAKMKKFIPGRCHTYEGDKDTGQGGIGEAIVDIPEIPGFKDMEPMEQFIAQVDLCEDCTTGCLKGLANVQCSDLLKKWLPQRCATFASKIQGQVDKIKGAGGD,0.0,FNVAVASNATLPKKAKHTEDTGQGGEIDMEIE
KPTENNEDFNIVAVASNFATTDGDADRGKLPGKKLPLEVLKEMEANARKAGCTRGCLICLSKIKCTAKMKKFIPGRCHTYEGDKDTGQGGIGEAIVDIPEIPGFKDMEPMEQFIAQVDLCEDCTTGCLKGLANVQCSDLLKKWLPQRCATFASKIQGQVDKIKGAGGD,0.3678869258563707,FNVAVASNATGPKKAKHTEDTGQGGEIDMEIE
KPTENNEDFNIVAVASNFATTDLDADRGKLPGKKLPLEVLKEMEANARKAGCTRGCLICLSKIKCTAKMKKFIPGRCHTYEGDKDTGWGGIGEAIVDIPEIPGFKDMEPMEQFIAQVDLCEDCTTGCLKGLANVQCSDLLKKWLPQRCATFASKIQGQVDKIKGAGGD,0.36787988982580927,FNVAVASNATLPKKAKHTEDTGWGGEIDMEIE
KPTENNEDFNIVAVASNFATTDLDADRGKLPGKKLPLEVLKEMEANARKAGCTRGCLICLSKIKCTAKMKKFIPGRCHTYEGDKDTKQGGIGEAIVDIPEIPGFKDMEPMEQFIAQVDLCEDCTTGCLKGLANVQCSDLLKKWLPQRCATFASKIQGQVDKIKGAGGD,0.37325780840027345,FNVAVASNATLPKKAKHTEDTKQGGEIDMEIE
KPTENNEDFNIVAVASNFATTDIDADRGKLPGKKLPLEVLKEMEANARKAGCTRGCLICLSKIKCTAKMKKFIPGRCHTYEGDKDTGQGGIGEAIVDIPEIPGFKDMEPMEQFIAQVDLCEDCTTGCLKGLANVQCSDLLKKWLPQRCATFASKIQGQVDKIKGAGGD,0.3678997493921729,FNVAVASNATIPKKAKHTEDTGQGGEIDMEIE
KPTENNEDFNIVAVASNFAGTDLDADRGKLPGKKLPLEVLKEMEANARKAGCTRGCLICLSKIKCTAKMKKFIPGRCHTYEGDKDTGQGGIGEAIVDIPEIPGFKDMEPMEQFIAQVDLCEDCTTGCLKGLANVQCSDLLKKWLPQRCATFASKIQGQVDKIKGAGGD,0.36788507676507964,FNVAVASNAGLPKKAKHTEDTGQGGEIDMEIE
KPTENNEDSNIVAVASNFATTDLDADRGKLPGKKLPLEVLKEMEANARKAGCTRGCLICLSKIKCTAKMKKFIPGRCHTYEGDKDTGQGGIGEAIVDIPEIPGFKDMEPMEQFIAQVDLCEDCTTGCLKGLANVQCSDLLKKWLPQRCATFASKIQGQVDKIKGAGGD,0.3678909808498698,SNVAVASNATLPKKAKHTEDTGQGGEIDMEIE
KPTENNEDFNIVAVASNFATTDLDADRGKLPGKKLPLEVLKEMEANARKAGCTRGCLICLSKIKCTAKMKKFIPGRCHTYEGDKDTGQAGIGEAIVDIPEIPGFKDMEPMEQFIAQVDLCEDCTTGCLKGLANVQCSDLLKKWLPQRCATFASKIQGQVDKIKGAGGD,0.36822529201807946,FNVAVASNATLPKKAKHTEDTGQAGEIDMEIE
KPTENNEDFNIVAVASNFATTDIDADRGKLPGKKLPLEVLKEMEANARKAGCTRGCLICLSKIKCTPKMKKFIPGRCHTYEGDKSTGQGGIGPAIVDIPEIPGFKDMEPMEQFIAQVDLCEDCTTGCLKGLANVQCSDLLKKWLPQRCATFASKIQGQVDKIKGAGGD,0.32360243816529505,FNVAVASNATIPKKPKHTESTGQGGPIDMEIE
KPTENNEDSNIVAVASNFATTDLDADRGKLPGKKLPLEVLKEMEANARKAGCTRGCLICLSKIKCTPKMKKFIPGRCHTYEGDKSTGQGGIGPAIVDIPEIPGFKDMEPMEQFIAQVDLCEDCTTGCLKGLANVQCSDLLKKWLPQRCATFASKIQGQVDKIKGAGGD,0.32353154918123184,SNVAVASNATLPKKPKHTESTGQGGPIDMEIE
KPTENNEDFNIVAVASNFATTDLDADRGKLPGKKLPLEVLKEMEANARKAGCTRGCLICLSKIKCTPKMKKFIPGRCHTYEGDKSTGQGGIGPAIVDIPEIPGFKDMEPMEQFRAQVDLCEDCTTGCLKGLANVQCSDLLKKWLPQRCATFASKIQGQVDKIKGAGGD,0.3238765503783578,FNVAVASNATLPKKPKHTESTGQGGPIDMERE
KPTENNEDFNIGAVASNFATTDLDADRGKLPGKKLPLEVLKEMEANARKAGCTRGCLICLSKIKCTPKMKKFIPGRCHTYEGDKSTGQGGIGPAIVDIPEIPGFKDMEPMEQFIAQVDLCEDCTTGCLKGLANVQCSDLLKKWLPQRCATFASKIQGQVDKIKGAGGD,0.3777647105200239,FNGAVASNATLPKKPKHTESTGQGGPIDMEIE
KPTENNEDFNIVAVASNFATTDLDADRGKLPGKKLPLEVLKEMEANARKAGCTRGCLICLSKIKCTPKMKKFIPGRCHTYEGDKSTGQAGIGPAIVDIPEIPGFKDMEPMEQFIAQVDLCEDCTTGCLKGLANVQCSDLLKKWLPQRCATFASKIQGQVDKIKGAGGD,0.3238101202965269,FNVAVASNATLPKKPKHTESTGQAGPIDMEIE
KPTENNEDFNIYAVASNFATTDLDADRGKLPGKKLPLEVLKEMEANARKAGCTRGCLICLSKIKCTPKMKKFIPGRCHTYEGDKSTGQGGIGPAIVDIPEIPGFKDMEPMEQFIAQVDLCEDCTTGCLKGLANVQCSDLLKKWLPQRCATFASKIQGQVDKIKGAGGD,0.377764716213472,FNYAVASNATLPKKPKHTESTGQGGPIDMEIE
KPTENNEDFNIVAVASNFATTDLDADRGKLPGKKLPLEVLKEMEANARKAGCTRGCLICLSKIKCTPKMKKFIPGRCHTYEGDKATGQGGIGPAIVDIPEIPGFKDMEPMEQFIAQVDLCEDCTTGCLKGLANVQCSDLLKKWLPQRCATFASKIQGQVDKIKGAGGD,0.4391605789243781,FNVAVASNATLPKKPKHTEATGQGGPIDMEIE
KPTENNEDFNIDAVASNFATTDLDADRGKLPGKKLPLEVLKEMEANARKAGCTRGCLICLSKIKCTPKMKKFIPGRCHTYEGDKSTGQGGIGPAIVDIPEIPGFKDMEPMEQFIAQVDLCEDCTTGCLKGLANVQCSDLLKKWLPQRCATFASKIQGQVDKIKGAGGD,0.47374167798023564,FNDAVASNATLPKKPKHTESTGQGGPIDMEIE
KPTENNEDFNIVAVASNFATTDLDADRGKLPGKKLPLEVLKEMEANARKAGCTRGCLICLSKIKCTPKMKKFIPGRCHTYEGDKSTGQGGIGPAIVDIPEIPGFKDMEPMEQFIAQVDLCEDCTTGCLKGLANVQCSDLLKKWLPQRCATFASKIQGQVDKIKGAGGD,0.0,FNVAVASNATLPKKPKHTESTGQGGPIDMEIE
KPTENNEDFNIVAVASNFATTDLDADRGKLPGKKLPLEVLKEMEANARRAGCTRGCLICLSKIKCTLKMKKFIPGRCHTYEGDKETGQGGIGEAIVDIPEIPGFKDLEPMEQFIAQVDLCVDCTTGCLKGLANVQCSDLLKKWLPQRCATFASKIQGQVDKIKGAGGD,0.40507735619612323,FNVAVASNATLPRKLKHTEETGQGGEIDLEIV
KPTENNEDFNIVAVASNFATTDIDADRGKLPGKKLPLEVLKEMEANARRAGCTRGCLICLSKIKCTLKMKKFIPGRCHTYEGDKETGQGGIGEAIVDIPEIPGFKDLEPMEQFIAQVDLCEDCTTGCLKGLANVQCSDLLKKWLPQRCATFASKIQGQVDKIKGAGGD,0.3219180168215749,FNVAVASNATIPRKLKHTEETGQGGEIDLEIE
KPTENNEDFNIVAVADNFATTDLDADRGKLPGKKLPLEVLKEMEANARRAGCTRGCLICLSKIKCTLKMKKFIPGRCHTYEGDKETGQGGIGEAIVDIPEIPGFKDLEPMEQFIAQVDLCEDCTTGCLKGLANVQCSDLLKKWLPQRCATFASKIQGQVDKIKGAGGD,0.3226397675099871,FNVAVADNATLPRKLKHTEETGQGGEIDLEIE
KPTENNEDFNIVAVASNFATTDLDADRGKLPGKKLPLEVLKEMEANARRAGCTRGCLICLSKIKCTLKMKKFIPGRCHTYEGDKETGQGGIGEAIVDIPEIPGFKDLEPMEQFIAQVDLCEDCTTGCLKGLANVQCSDLLKKWLPQRCATFASKIQGQVDKIKGAGGD,0.0,FNVAVASNATLPRKLKHTEETGQGGEIDLEIE
KPTENNEDFNIVAVASNFAATDLDADRGKLPGKKLPLEVLKEMEANARRAGCTRGCLICLSKIKCTLKMKKFIPGRCHTYEGDKETGQGGIGEAIVDIPEIPGFKDLEPMEQFIAQVDLCEDCTTGCLKGLANVQCSDLLKKWLPQRCATFASKIQGQVDKIKGAGGD,0.32190411899352217,FNVAVASNAALPRKLKHTEETGQGGEIDLEIE
KPTENNEDFNIVAVASNFATTDGDADRGKLPGKKLPLEVLKEMEANARRAGCTRGCLICLSKIKCTLKMKKFIPGRCHTYEGDKETGQGGIGEAIVDIPEIPGFKDLEPMEQFIAQVDLCEDCTTGCLKGLANVQCSDLLKKWLPQRCATFASKIQGQVDKIKGAGGD,0.3219061015349116,FNVAVASNATGPRKLKHTEETGQGGEIDLEIE
KPTENNEDFNIVAVASNFACTDLDADRGKLPGKKLPLEVLKEMEANARRAGCTRGCLICLSKIKCTLKMKKFIPGRCHTYEGDKETGQGGIGEAIVDIPEIPGFKDLEPMEQFIAQVDLCEDCTTGCLKGLANVQCSDLLKKWLPQRCATFASKIQGQVDKIKGAGGD,0.32190257635050873,FNVAVASNACLPRKLKHTEETGQGGEIDLEIE
KPTENNEDFNIVAVASNFATTDLDADRGKLPGKKLPLEVLKEMEANARRAGCTRGCLICLSKIKCTAKMKKFIPGRCHTYEGDKATAQGGIGEAIVDIPEIPGFKDMEPMEQFIAQVDLCDDCTTGCLKGLANVQCSDLLKKWLPQRCATFASKIQGQVDKIKGAGGD,0.3579778955959856,FNVAVASNATLPRKAKHTEATAQGGEIDMEID
KPTENNEDFNIVAVDSNFATTDLDADRGKLPGKKLPLEVLKEMEANARRAGCTRGCLICLSKIKCTAKMKKFIPGRCHTYEGDKATGQGGIGEAIVDIPEIPGFKDMEPMEQFIAQVDLCDDCTTGCLKGLANVQCSDLLKKWLPQRCATFASKIQGQVDKIKGAGGD,0.31576563688425796,FNVAVDSNATLPRKAKHTEATGQGGEIDMEID
KPTENNEDFNIVAVASNFATTDLDADRGKLPGKKLPLEVLKEMEANARKAGCTRGCLICLSKIKCTAKMKKFIPGRCHTYEGDKATGQGGIGEAIVDIPEIPGFKDMEPMEQFIAQVDLCDDCTTGCLKGLANVQCSDLLKKWLPQRCATFASKIQGQVDKIKGAGGD,0.5386820630883962,FNVAVASNATLPKKAKHTEATGQGGEIDMEID
KPTENNEDFNIYAVASNFATTDLDADRGKLPGKKLPLEVLKEMEANARRAGCTRGCLICLSKIKCTAKMKKFIPGRCHTYEGDKATGQGGIGEAIVDIPEIPGFKDMEPMEQFIAQVDLCDDCTTGCLKGLANVQCSDLLKKWLPQRCATFASKIQGQVDKIKGAGGD,0.31686250256474935,FNYAVASNATLPRKAKHTEATGQGGEIDMEID
KPTENNEDFNIGAVASNFATTDLDADRGKLPGKKLPLEVLKEMEANARRAGCTRGCLICLSKIKCTAKMKKFIPGRCHTYEGDKATGQGGIGEAIVDIPEIPGFKDMEPMEQFIAQVDLCDDCTTGCLKGLANVQCSDLLKKWLPQRCATFASKIQGQVDKIKGAGGD,0.3168625007492627,FNGAVASNATLPRKAKHTEATGQGGEIDMEID
KPTENNEDFNIVAVASNFAGTDLDADRGKLPGKKLPLEVLKEMEANARRAGCTRGCLICLSKIKCTAKMKKFIPGRCHTYEGDKATGQGGIGEAIVDIPEIPGFKDMEPMEQFIAQVDLCDDCTTGCLKGLANVQCSDLLKKWLPQRCATFASKIQGQVDKIKGAGGD,0.3157652594968018,FNVAVASNAGLPRKAKHTEATGQGGEIDMEID
KPTENNEDFNIVAVASNFATTDLDADRGKLPGKKLPLEVLKEMEANARIAGCTRGCLICLSKIKCTAKMKKFIPGRCHTYEGDKATGQGGIGEAIVDIPEIPGFKDMEPMEQFIAQVDLCDDCTTGCLKGLANVQCSDLLKKWLPQRCATFASKIQGQVDKIKGAGGD,0.40360007376042356,FNVAVASNATLPIKAKHTEATGQGGEIDMEID
KPTENNEDLNIVAVASNFATTDLDADRGKLPGKKLPLEVLKEMEANARRAGCTRGCLICLSKIKCTAKMKKFIPGRCHTYEGDKATGQGGIGEAIVDIPEIPGFKDMEPMEQFIAQVDLCDDCTTGCLKGLANVQCSDLLKKWLPQRCATFASKIQGQVDKIKGAGGD,0.3157707820512235,LNVAVASNATLPRKAKHTEATGQGGEIDMEID
KPTENNEDFNIVAVASNFATTDGDADRGKLPGKKLPLEVLKEMEANARRAGCTRGCLICLSKIKCTAKMKKFIPGRCHTYEGDKATGQGGIGEAIVDIPEIPGFKDMEPMEQFIAQVDLCDDCTTGCLKGLANVQCSDLLKKWLPQRCATFASKIQGQVDKIKGAGGD,0.31576593963002275,FNVAVASNATGPRKAKHTEATGQGGEIDMEID
KPTENNEDFNIAAVDSNFATTDLDADRGKLPGKKLPLEVLKEMEANARKAGCTRGCLICLSHIKCTPKMKKFIPGRCHTYEGDKESAQGGIGEAIVDIPEIPGFKDLEPMEQFIAQVDLCVDCTTGCLKGLANVQCSDLLKKWLPQRCATFASKIQGQVDKIKGAGGD,0.3148065776225326,FNAAVDSNATLPKHPKHTEESAQGGEIDLEIV
KPTENNEDFNIAAVASNFATTDLDADRGKLPGKKLPLEVLKEMEANARKAGCTRGCLICLSHIKCTPKMKKFIPGRCHTYEGDKESAQGGIGEAIVDIPEIPGFKDLEPMEQFIAQVDLCVDCTTGCLKGLANVQCSDLLKKWLPQRCATFASKIQGQVDKIKGAGGD,0.0,FNAAVASNATLPKHPKHTEESAQGGEIDLEIV
KPTENNEDFNIAAVASNFATTDLDADRGKLPGKKLPLEVLKEMEANARKAGCTRGCLICLSHIKCTPKMKKFIPGRCHTYEGDKASAQGGIGEAIVDIPEIPGFKDLEPMEQFIAQVDLCVDCTTGCLKGLANVQCSDLLKKWLPQRCATFASKIQGQVDKIKGAGGD,0.316797735112034,FNAAVASNATLPKHPKHTEASAQGGEIDLEIV
KPTENNEDFNIAAVASNFAVTDLDADRGKLPGKKLPLEVLKEMEANARKAGCTRGCLICLSHIKCTPKMKKFIPGRCHTYEGDKESAQGGIGEAIVDIPEIPGFKDLEPMEQFIAQVDLCVDCTTGCLKGLANVQCSDLLKKWLPQRCATFASKIQGQVDKIKGAGGD,0.313977546988904,FNAAVASNAVLPKHPKHTEESAQGGEIDLEIV
KPTENNEDFNIAAVASNFAATDLDADRGKLPGKKLPLEVLKEMEANARKAGCTRGCLICLSHIKCTPKMKKFIPGRCHTYEGDKESAQGGIGEAIVDIPEIPGFKDLEPMEQFIAQVDLCVDCTTGCLKGLANVQCSDLLKKWLPQRCATFASKIQGQVDKIKGAGGD,0.3145719632321605,FNAAVASNAALPKHPKHTEESAQGGEIDLEIV
KPTENNEDFNIAAVASNFATTDLDADRGKLPGKKLPLEVLKEMEANARKAGCTRGCLICLSHIKCTPKMKKFIPGRCHTYEGDKESAWGGIGEAIVDIPEIPGFKDLEPMEQFIAQVDLCVDCTTGCLKGLANVQCSDLLKKWLPQRCATFASKIQGQVDKIKGAGGD,0.31216677323236797,FNAAVASNATLPKHPKHTEESAWGGEIDLEIV
KPTENNEDFNIAALASNFATTDLDADRGKLPGKKLPLEVLKEMEANARKAGCTRGCLICLSHIKCTPKMKKFIPGRCHTYEGDKESAQGGIGEAIVDIPEIPGFKDLEPMEQFIAQVDLCVDCTTGCLKGLANVQCSDLLKKWLPQRCATFASKIQGQVDKIKGAGGD,0.3143854279669479,FNAALASNATLPKHPKHTEESAQGGEIDLEIV
KPTENNEDFNIVAVASNFATTDLDADRGKLPGKKLPLEVLKEMEANARKAGCTRGCLICLSQIKCTPKMKKFIPGRCHTYEGDKSTGQGGIGPAIVDIPEIPGFKDMEPMEQFIAQVDLCVDCTTGCLKGLANVQCSDLLKKWLPQRCATFASKIQGQVDKIKGAGGD,0.3817985111487408,FNVAVASNATLPKQPKHTESTGQGGPIDMEIV
KPTENNEDFNIVAVAKNFATTDLDADRGKLPGKKLPLEVLKEMEANARKAGCTRGCLICLSQIKCTPKMKKFIPGRCHTYEGDKSTGQGGIGPAIVDIPEIPGFKDMEPMEQFIAQVDLCEDCTTGCLKGLANVQCSDLLKKWLPQRCATFASKIQGQVDKIKGAGGD,0.31246127274232793,FNVAVAKNATLPKQPKHTESTGQGGPIDMEIE
KPTENNEDFNIVAVASNFATTDLDADRGKLPGKKLPLEVLKEMEANARKAGCTRGCLICLSQIKCTPKMKKFIPGRCHTYEGDKSTGQGGIGPAIVDIPEIPGFKDMEPMEQFIAQVDLCEDCTTGCLKGLANVQCSDLLKKWLPQRCATFASKIQGQVDKIKGAGGD,0.0,FNVAVASNATLPKQPKHTESTGQGGPIDMEIE
KPTENNEDFNIVAVASNFATTDLDADRGKLPGKKLPLEVLKEMEANARKAGCTRGCLICLSQIKCTPKMKKFIPGRCHTYEGDKSTGQGGIGPAIVDIPEIPGFKDMEPMGQFIAQVDLCEDCTTGCLKGLANVQCSDLLKKWLPQRCATFASKIQGQVDKIKGAGGD,0.30721946793643795,FNVAVASNATLPKQPKHTESTGQGGPIDMGIE
KPTENNEDLNIVAVASNFATTDLDADRGKLPGKKLPLEVLKEMEANARKAGCTRGCLICLSQIKCTPKMKKFIPGRCHTYEGDKSTGQGGIGPAIVDIPEIPGFKDMEPMEQFIAQVDLCEDCTTGCLKGLANVQCSDLLKKWLPQRCATFASKIQGQVDKIKGAGGD,0.3070597050967121,LNVAVASNATLPKQPKHTESTGQGGPIDMEIE
KPTENNEDFNIYAVASNFATTDLDADRGKLPGKKLPLEVLKEMEANARKAGCTRGCLICLSQIKCTPKMKKFIPGRCHTYEGDKSTGQGGIGPAIVDIPEIPGFKDMEPMEQFIAQVDLCEDCTTGCLKGLANVQCSDLLKKWLPQRCATFASKIQGQVDKIKGAGGD,0.32716798557549354,FNYAVASNATLPKQPKHTESTGQGGPIDMEIE
KPTENNEDCNIVAVASNFATTDLDADRGKLPGKKLPLEVLKEMEANARKAGCTRGCLICLSQIKCTPKMKKFIPGRCHTYEGDKSTGQGGIGPAIVDIPEIPGFKDMEPMEQFIAQVDLCEDCTTGCLKGLANVQCSDLLKKWLPQRCATFASKIQGQVDKIKGAGGD,0.3070315129660626,CNVAVASNATLPKQPKHTESTGQGGPIDMEIE
KPTENNEDFNIVAVASNFATTDLDADRGKLPGKKLPLEVLKEMEANARKAGCTRGCLICLSQIKCTPKMKKFIPGRCHTYEGDKSTGQAGIGPAIVDIPEIPGFKDMEPMEQFIAQVDLCEDCTTGCLKGLANVQCSDLLKKWLPQRCATFASKIQGQVDKIKGAGGD,0.3073521100489746,FNVAVASNATLPKQPKHTESTGQAGPIDMEIE
KPTENNEDFNIVAVASNFAGTDLDADRGKLPGKKLPLEVLKEMEANARKAGCTRGCLICLSKIKCTLKMKKFIPGRCHTYEGDKSTGQGGIGSAIVDIPEIPGFKDMEPMEQFIAQVDLCEDCTTGCLKGLANVQCSDLLKKWLPQRCATFASKIQGQVDKIKGAGGD,0.30247477847128074,FNVAVASNAGLPKKLKHTESTGQGGSIDMEIE
KPTENNEDFNIVAVASNFQTTDLDADRGKLPGKKLPLEVLKEMEANARKAGCTRGCLICLSKIKCTLKMKKFIPGRCHTYEGDKSTGQGGIGSAIVDIPEIPGFKDMEPMEQFIAQVDLCEDCTTGCLKGLANVQCSDLLKKWLPQRCATFASKIQGQVDKIKGAGGD,0.3025107302480941,FNVAVASNQTLPKKLKHTESTGQGGSIDMEIE
KPTENNEDFNIVAVAANFATTDLDADRGKLPGKKLPLEVLKEMEANARKAGCTRGCLICLSKIKCTLKMKKFIPGRCHTYEGDKSTGQGGIGSAIVDIPEIPGFKDMEPMEQFIAQVDLCEDCTTGCLKGLANVQCSDLLKKWLPQRCATFASKIQGQVDKIKGAGGD,0.3171904657576069,FNVAVAANATLPKKLKHTESTGQGGSIDMEIE
KPTENNEDLNIVAVASNFATTDLDADRGKLPGKKLPLEVLKEMEANARKAGCTRGCLICLSKIKCTLKMKKFIPGRCHTYEGDKSTGQGGIGSAIVDIPEIPGFKDMEPMEQFIAQVDLCEDCTTGCLKGLANVQCSDLLKKWLPQRCATFASKIQGQVDKIKGAGGD,0.30258626205651207,LNVAVASNATLPKKLKHTESTGQGGSIDMEIE
KPTENNEDFNIVAVASNFATTDLDADRGKLPGKKLPLEVLKEMEANARKAGCTRGCLICLSKIKCTLKMKKFIPGRCHTYEGDKNTGQGGIGSAIVDIPEIPGFKDMEPMEQFIAQVDLCEDCTTGCLKGLANVQCSDLLKKWLPQRCATFASKIQGQVDKIKGAGGD,0.36499551656901696,FNVAVASNATLPKKLKHTENTGQGGSIDMEIE
KPTENNEDFNIVAVASNFATTDLDADRGKLPGKKLPLEVLKEMEANARKAGCTRGCLICLSKIKCTLKMKKFIPGRCHTYEGDKSTGQGGIGSAIVDIPEIPGFKDMEPMEQFIAQVDLCEDCTTGCLKGLANVQCSDLLKKWLPQRCATFASKIQGQVDKIKGAGGD,0.0,FNVAVASNATLPKKLKHTESTGQGGSIDMEIE
KPTENNEDFNIVAVGSNFATTDLDADRGKLPGKKLPLEVLKEMEANARKAGCTRGCLICLSKIKCTLKMKKFIPGRCHTYEGDKSTGQGGIGSAIVDIPEIPGFKDMEPMEQFIAQVDLCEDCTTGCLKGLANVQCSDLLKKWLPQRCATFASKIQGQVDKIKGAGGD,0.30248282591121156,FNVAVGSNATLPKKLKHTESTGQGGSIDMEIE
KPTENNEDFNIVAVASNFATTDLDADRGKLPGKKLPLEVLKEMEANARKAGCTRGCLICLSKIKCTLKMKRFIPGRCHTYEGDKSTGQGGIGSAIVDIPEIPGFKDMEPMEQFIAQVDLCEDCTTGCLKGLANVQCSDLLKKWLPQRCATFASKIQGQVDKIKGAGGD,0.3035048268928715,FNVAVASNATLPKKLRHTESTGQGGSIDMEIE
KPTENNEDSNIVAVASNFATTDLDADRGKLPGKKLPLEVLKEMEANARKAGCTRGCLICLSKIKCTLKMKKFIPGRCHTYEGDKSTGQGGIGSAIVDIPEIPGFKDMEPMEQFIAQVDLCEDCTTGCLKGLANVQCSDLLKKWLPQRCATFASKIQGQVDKIKGAGGD,0.30251014790066616,SNVAVASNATLPKKLKHTESTGQGGSIDMEIE
KPTENNEDFNIVAVASNFATTDLDADRGKLPGKKLPLEVLKEMEANARKAGCTRGCLICLSKIKCTLKMKKFIPGRCATYEGDKSTGQGGIGRAIVDIPEIPGFKDMEPMEQFIAQVDLCEDCTTGCLKGLANVQCSDLLKKWLPQRCATFASKIQGQVDKIKGAGGD,0.30109842721012814,FNVAVASNATLPKKLKATESTGQGGRIDMEIE
KPTENNEDFNIVAVASNFATTDRDADRGKLPGKKLPLEVLKEMEANARKAGCTRGCLICLSKIKCTLKMKKFIPGRCHTYEGDKSTGQGGIGRAIVDIPEIPGFKDMEPMEQFIAQVDLCEDCTTGCLKGLANVQCSDLLKKWLPQRCATFASKIQGQVDKIKGAGGD,0.3009934590431266,FNVAVASNATRPKKLKHTESTGQGGRIDMEIE
KPTENNEDFNIVAVASNFATTDGDADRGKLPGKKLPLEVLKEMEANARKAGCTRGCLICLSKIKCTLKMKKFIPGRCHTYEGDKSTGQGGIGRAIVDIPEIPGFKDMEPMEQFIAQVDLCEDCTTGCLKGLANVQCSDLLKKWLPQRCATFASKIQGQVDKIKGAGGD,0.3009935219788806,FNVAVASNATGPKKLKHTESTGQGGRIDMEIE
KPTENNEDFNIVAVASNFATTDLDADRGKLPGKKLPLEVLKEMEANARKAGCTRGCLICLSKIKCTLKMKKFIPGRCHTYEGDKSTGQGGIGRAIVDIPEIPGFKDMEPMEQFIAQVDLCEDCTTGCLKGLANVQCSDLLKKWLPQRCATFASKIQGQVDKIKGAGGD,0.0,FNVAVASNATLPKKLKHTESTGQGGRIDMEIE
KPTENNEDFNIVAVASNFATTDTDADRGKLPGKKLPLEVLKEMEANARKAGCTRGCLICLSKIKCTLKMKKFIPGRCHTYEGDKSTGQGGIGRAIVDIPEIPGFKDMEPMEQFIAQVDLCEDCTTGCLKGLANVQCSDLLKKWLPQRCATFASKIQGQVDKIKGAGGD,0.3009970634178797,FNVAVASNATTPKKLKHTESTGQGGRIDMEIE
KPTENNEDFNIVAVASNFATTDLDADRGKLPGKKLPLEVLKEMEANARKAGCTRGCLICLSKIKCTLKMKKFIPGRCHTYEGDKSTGQGGIGRAIVDIPEIPGFKDMEPMGQFIAQVDLCEDCTTGCLKGLANVQCSDLLKKWLPQRCATFASKIQGQVDKIKGAGGD,0.30253040559001587,FNVAVASNATLPKKLKHTESTGQGGRIDMGIE
KPTENNEDFNIVAVASNFDTTDLDADRGKLPGKKLPLEVLKEMEANARKAGCTRGCLICLSKIKCTLKMKKFIPGRCHTYEGDKSTGQGGIGRAIVDIPEIPGFKDMEPMEQFIAQVDLCEDCTTGCLKGLANVQCSDLLKKWLPQRCATFASKIQGQVDKIKGAGGD,0.3010211517140947,FNVAVASNDTLPKKLKHTESTGQGGRIDMEIE
KPTENNEDFNIVAVASNFAVTDLDADRGKLPGKKLPLEVLKEMEANARKAGCTRGCLICLSKIKCTLKMKKFIPGRCHTYEGDKSTGQGGIGRAIVDIPEIPGFKDMEPMEQFIAQVDLCEDCTTGCLKGLANVQCSDLLKKWLPQRCATFASKIQGQVDKIKGAGGD,0.3009850710058999,FNVAVASNAVLPKKLKHTESTGQGGRIDMEIE
KPTENNEDFNIVAVDSNFATTDLDADRGKLPGKKLPLEVLKEMEANARKAGCTRGCLICLSKIKCTLKMKKFIPGRCHTYEGDKSTGQGGIGPAIVDIPEIPGFKDMEPMEQFIAQVDLCEDCTTGCLKGLANVQCSDLLKKWLPQRCATFASKIQGQVDKIKGAGGD,0.29079148934939814,FNVAVDSNATLPKKLKHTESTGQGGPIDMEIE
KPTENNEDFNIVAVASNFATTDLDADRGKLPGKKLPLEVLKEMEANARKAGCTRGCLICLSKIKCTLKMKKFIPGRCHTYEGDKSTGQGGIGPAIVDIPEIPGFKDMEPMEQFIAQVDLCEDCTTGCLKGLANVQCSDLLKKWLPQRCATFASKIQGQVDKIKGAGGD,0.0,FNVAVASNATLPKKLKHTESTGQGGPIDMEIE
KPTENNEDFNIVAVARNFATTDLDADRGKLPGKKLPLEVLKEMEANARKAGCTRGCLICLSKIKCTLKMKKFIPGRCHTYEGDKSTGQGGIGPAIVDIPEIPGFKDMEPMEQFIAQVDLCEDCTTGCLKGLANVQCSDLLKKWLPQRCATFASKIQGQVDKIKGAGGD,0.3307811814650783,FNVAVARNATLPKKLKHTESTGQGGPIDMEIE
KPTENNEDFNIVAVAKNFATTDLDADRGKLPGKKLPLEVLKEMEANARKAGCTRGCLICLSKIKCTLKMKKFIPGRCHTYEGDKSTGQGGIGPAIVDIPEIPGFKDMEPMEQFIAQVDLCEDCTTGCLKGLANVQCSDLLKKWLPQRCATFASKIQGQVDKIKGAGGD,0.33097907526017345,FNVAVAKNATLPKKLKHTESTGQGGPIDMEIE
KPTENNEDFNIDAVASNFATTDLDADRGKLPGKKLPLEVLKEMEANARKAGCTRGCLICLSKIKCTLKMKKFIPGRCHTYEGDKSTGQGGIGPAIVDIPEIPGFKDMEPMEQFIAQVDLCEDCTTGCLKGLANVQCSDLLKKWLPQRCATFASKIQGQVDKIKGAGGD,0.0,FNDAVASNATLPKKLKHTESTGQGGPIDMEIE
KPTENNEDFNIVAVASNFATTDLDADRGKLPGKKLPLEVLKEMEANARKAGCTRGCLICLSKIKCTLKMKKFIPGRCHTYEGDKETGQGGIGPAIVDIPEIPGFKDMEPMEQFIAQVDLCEDCTTGCLKGLANVQCSDLLKKWLPQRCATFASKIQGQVDKIKGAGGD,0.3939336140717047,FNVAVASNATLPKKLKHTEETGQGGPIDMEIE
KPTENNEDFNIVAVASNFATTDLDADRGKLPGKKLPLEVLKEMEANARKAGCTRGCLICLSKIKCTLKMKKFIPGRCHTYEGDKSTKQGGIGKAIVDIPEIPGFKDMEPMEQFIAQVDLCEDCTTGCLKGLANVQCSDLLKKWLPQRCATFASKIQGQVDKIKGAGGD,0.3044649299802225,FNVAVASNATLPKKLKHTESTKQGGKIDMEIE
KPTENNEDFNIVAVASNFATTDLDADRGKLPGKKLPLEVLKEMEANARKAGCTRGCLICLSKIKCTLKMKKFIPGRCHTYEGDKSTGQGGIGKAIVDIPEIPGFKDMEPMEQFIAQVDLCEDCTTGCLKGLANVQCSDLLKKWLPQRCATFASKIQGQVDKIKGAGGD,0.0,FNVAVASNATLPKKLKHTESTGQGGKIDMEIE
KPTENNEDFNIVAVASNFATTDLDADRGKLPGKKLPLEVLKEMEANARRAGCTRGCLICLSKIKCTLKMKKFIPGRCHTYEGDKSTGQGGIGKAIVDIPEIPGFKDMEPMEQFIAQVDLCEDCTTGCLKGLANVQCSDLLKKWLPQRCATFASKIQGQVDKIKGAGGD,0.39473185155225043,FNVAVASNATLPRKLKHTESTGQGGKIDMEIE
KPTENNEDFNIVAVASNFATTDLDADRGKLPGKKLPLEVLKEMEANARKAGCTRGCLICLSKIKCTLKMKKFIPGRCHRYEGDKSTGQGGIGKAIVDIPEIPGFKDMEPMEQFIAQVDLCEDCTTGCLKGLANVQCSDLLKKWLPQRCATFASKIQGQVDKIKGAGGD,0.29063963118362673,FNVAVASNATLPKKLKHRESTGQGGKIDMEIE
KPTENNEDCNIVAVASNFATTDLDADRGKLPGKKLPLEVLKEMEANARKAGCTRGCLICLSKIKCTLKMKKFIPGRCHTYEGDKSTGQGGIGKAIVDIPEIPGFKDMEPMEQFIAQVDLCEDCTTGCLKGLANVQCSDLLKKWLPQRCATFASKIQGQVDKIKGAGGD,0.2905385843662417,CNVAVASNATLPKKLKHTESTGQGGKIDMEIE
KPTENNEDFNIVAVASNFATTDGDADRGKLPGKKLPLEVLKEMEANARKAGCTRGCLICLSKIKCTLKMKKFIPGRCHTYEGDKSTGQGGIGKAIVDIPEIPGFKDMEPMEQFIAQVDLCEDCTTGCLKGLANVQCSDLLKKWLPQRCATFASKIQGQVDKIKGAGGD,0.2905120836343181,FNVAVASNATGPKKLKHTESTGQGGKIDMEIE
KPTENNEDFNIVAVASNFATTDLDADRGKLPGKKLPLEVLKEMEANARKAGCTRGCLICLSKIKCTLKMKKFIPGRCHTYEGDKSTGQAGIGKAIVDIPEIPGFKDMEPMEQFIAQVDLCEDCTTGCLKGLANVQCSDLLKKWLPQRCATFASKIQGQVDKIKGAGGD,0.2906007852531246,FNVAVASNATLPKKLKHTESTGQAGKIDMEIE
KPTENNEDFNIVAVASNFAGTDLDADRGKLPGKKLPLEVLKEMEANARKAGCTRGCLICLSKIKCTLKMKKFIPGRCHTYEGDKSTGQGGIGKAIVDIPEIPGFKDMEPMEQFIAQVDLCEDCTTGCLKGLANVQCSDLLKKWLPQRCATFASKIQGQVDKIKGAGGD,0.2905036845690209,FNVAVASNAGLPKKLKHTESTGQGGKIDMEIE
KPTENNEDFNIVAVASNFATTDLDADRGKLPGKKLPLEVLKEMEANARKAGCTRGCLICLSKIKCTLKMKKFIPGRCHTYEGDKSTGWGGIGKAIVDIPEIPGFKDMEPMEQFIAQVDLCEDCTTGCLKGLANVQCSDLLKKWLPQRCATFASKIQGQVDKIKGAGGD,0.2904737188737683,FNVAVASNATLPKKLKHTESTGWGGKIDMEIE
KPTENNEDFNIVAVASNFATTDLDADRGKLPGKKLPLEVLKEMEANARKAGCTRGCLICLSHIKCTPKMKKFIPGRCHTYEGDKESAQGGIGEAIVDIPEIPGFKDLEPMEQFMAQVDLCVDCTTGCLKGLANVQCSDLLKKWLPQRCATFASKIQGQVDKIKGAGGD,0.0,FNVAVASNATLPKHPKHTEESAQGGEIDLEMV
KPTENNEDSNIVAVASNFATTDLDADRGKLPGKKLPLEVLKEMEANARKAGCTRGCLICLSHIKCTPKMKKFIPGRCHTYEGDKESAQGGIGEAIVDIPEIPGFKDLEPMEQFMAQVDLCVDCTTGCLKGLANVQCSDLLKKWLPQRCATFASKIQGQVDKIKGAGGD,0.279622130784946,SNVAVASNATLPKHPKHTEESAQGGEIDLEMV
KPTENNEDFNIRAVASNFATTDLDADRGKLPGKKLPLEVLKEMEANARKAGCTRGCLICLSHIKCTPKMKKFIPGRCHTYEGDKESAQGGIGEAIVDIPEIPGFKDLEPMEQFMAQVDLCVDCTTGCLKGLANVQCSDLLKKWLPQRCATFASKIQGQVDKIKGAGGD,0.39708332297338444,FNRAVASNATLPKHPKHTEESAQGGEIDLEMV
KPTENNEDFNIYAVASNFATTDLDADRGKLPGKKLPLEVLKEMEANARKAGCTRGCLICLSHIKCTPKMKKFIPGRCHTYEGDKESAQGGIGEAIVDIPEIPGFKDLEPMEQFMAQVDLCVDCTTGCLKGLANVQCSDLLKKWLPQRCATFASKIQGQVDKIKGAGGD,0.3970263313410922,FNYAVASNATLPKHPKHTEESAQGGEIDLEMV
KPTENNEDFNICAVASNFATTDLDADRGKLPGKKLPLEVLKEMEANARKAGCTRGCLICLSHIKCTPKMKKFIPGRCHTYEGDKESAQGGIGEAIVDIPEIPGFKDLEPMEQFMAQVDLCVDCTTGCLKGLANVQCSDLLKKWLPQRCATFASKIQGQVDKIKGAGGD,0.3970586649648163,FNCAVASNATLPKHPKHTEESAQGGEIDLEMV
KPTENNEDFNIVAVASNFATTDLDADRGKLPGKKLPLEVLKEMEANARKAGCTRGCLICLSHIKCTPKMKKFIPGRCHTYEGDKESAQSGIGEAIVDIPEIPGFKDLEPMEQFMAQVDLCVDCTTGCLKGLANVQCSDLLKKWLPQRCATFASKIQGQVDKIKGAGGD,0.37535854491348375,FNVAVASNATLPKHPKHTEESAQSGEIDLEMV
KPTENNEDCNIVAVASNFATTDLDADRGKLPGKKLPLEVLKEMEANARKAGCTRGCLICLSHIKCTPKMKKFIPGRCHTYEGDKESAQGGIGEAIVDIPEIPGFKDLEPMEQFMAQVDLCVDCTTGCLKGLANVQCSDLLKKWLPQRCATFASKIQGQVDKIKGAGGD,0.279107086397605,CNVAVASNATLPKHPKHTEESAQGGEIDLEMV
KPTENNEDFNIGAVASNFATTDLDADRGKLPGKKLPLEVLKEMEANARKAGCTRGCLICLSHIKCTPKMKKFIPGRCHTYEGDKESAQGGIGEAIVDIPEIPGFKDLEPMEQFMAQVDLCVDCTTGCLKGLANVQCSDLLKKWLPQRCATFASKIQGQVDKIKGAGGD,0.39702405034163185,FNGAVASNATLPKHPKHTEESAQGGEIDLEMV
KPTENNEDFNIVAVASNFATTDLDADRGKLPGKKLPLEVLKEMEANARNAGCTRGCLICLSKIKCTPKMKKFIPGRCHTYEGDKATLQGGIGEAIVDIPEIPGFKDLEPMEQFIAQVDLCEDCTTGCLKGLANVQCSDLLKKWLPQRCATFASKIQGQVDKIKGAGGD,0.2876222641016078,FNVAVASNATLPNKPKHTEATLQGGEIDLEIE
KPTENNEDLNIVAVASNFATTDLDADRGKLPGKKLPLEVLKEMEANARNAGCTRGCLICLSKIKCTPKMKKFIPGRCHTYEGDKATGQGGIGEAIVDIPEIPGFKDLEPMEQFIAQVDLCEDCTTGCLKGLANVQCSDLLKKWLPQRCATFASKIQGQVDKIKGAGGD,0.27837337334967865,LNVAVASNATLPNKPKHTEATGQGGEIDLEIE
KPTENNEDCNIVAVASNFATTDLDADRGKLPGKKLPLEVLKEMEANARNAGCTRGCLICLSKIKCTPKMKKFIPGRCHTYEGDKATGQGGIGEAIVDIPEIPGFKDLEPMEQFIAQVDLCEDCTTGCLKGLANVQCSDLLKKWLPQRCATFASKIQGQVDKIKGAGGD,0.278369502725244,CNVAVASNATLPNKPKHTEATGQGGEIDLEIE
KPTENNEDFNIVAVASNFATTDLDADRGKLPGKKLPLEVLKEMEANARIAGCTRGCLICLSKIKCTPKMKKFIPGRCHTYEGDKATGQGGIGEAIVDIPEIPGFKDLEPMEQFIAQVDLCEDCTTGCLKGLANVQCSDLLKKWLPQRCATFASKIQGQVDKIKGAGGD,0.3452481371674143,FNVAVASNATLPIKPKHTEATGQGGEIDLEIE
KPTENNEDFNIVAVASNFATTDLDADRGKLPGKKLPLEVLKEMEANARNAGCTRGCLICLSKIKCTPKMKKFIPGRCHTYEGDKATGQGGIGEAIVDIPEIPGFKDLEPMEQFIAQVDLCEDCTTGCLKGLANVQCSDLLKKWLPQRCATFASKIQGQVDKIKGAGGD,0.0,FNVAVASNATLPNKPKHTEATGQGGEIDLEIE
KPTENNEDFNIYAVASNFATTDLDADRGKLPGKKLPLEVLKEMEANARNAGCTRGCLICLSKIKCTPKMKKFIPGRCHTYEGDKATGQGGIGEAIVDIPEIPGFKDLEPMEQFIAQVDLCEDCTTGCLKGLANVQCSDLLKKWLPQRCATFASKIQGQVDKIKGAGGD,0.28015194292002077,FNYAVASNATLPNKPKHTEATGQGGEIDLEIE
KPTENNEDFNIVAVASNFAKTDLDADRGKLPGKKLPLEVLKEMEANARNAGCTRGCLICLSKIKCTPKMKKFIPGRCHTYEGDKATGQGGIGEAIVDIPEIPGFKDLEPMEQFIAQVDLCEDCTTGCLKGLANVQCSDLLKKWLPQRCATFASKIQGQVDKIKGAGGD,0.27837114097370796,FNVAVASNAKLPNKPKHTEATGQGGEIDLEIE
KPTENNEDFNICAVASNFATTDLDADRGKLPGKKLPLEVLKEMEANARNAGCTRGCLICLSKIKCTPKMKKFIPGRCHTYEGDKATGQGGIGEAIVDIPEIPGFKDLEPMEQFIAQVDLCEDCTTGCLKGLANVQCSDLLKKWLPQRCATFASKIQGQVDKIKGAGGD,0.280152160783848,FNCAVASNATLPNKPKHTEATGQGGEIDLEIE
KPTENNEDFNIVAVASNFATTDLDADRGKLPGKKLPLEVLKEMEANARNAGCTRGCLICLSKIKCTPKMKKFIPGRCHTYEGDKATGWGGIGEAIVDIPEIPGFKDLEPMEQFIAQVDLCEDCTTGCLKGLANVQCSDLLKKWLPQRCATFASKIQGQVDKIKGAGGD,0.27836333083448017,FNVAVASNATLPNKPKHTEATGWGGEIDLEIE
KPTENNEDFNIVAVASNFAVTDLDADRGKLPGKKLPLEVLKEMEANARKAGCTRGCLICLSKIKCTLKMKKFIPGRCHTYEGDKSTGQGGIGTAIVDIPEIPGFKDMEPMEQFIAQVDLCEDCTTGCLKGLANVQCSDLLKKWLPQRCATFASKIQGQVDKIKGAGGD,0.2730415815667661,FNVAVASNAVLPKKLKHTESTGQGGTIDMEIE
KPTENNEDFNICAVASNFATTDLDADRGKLPGKKLPLEVLKEMEANARKAGCTRGCLICLSKIKCTLKMKKFIPGRCHTYEGDKSTGQGGIGTAIVDIPEIPGFKDMEPMEQFIAQVDLCEDCTTGCLKGLANVQCSDLLKKWLPQRCATFASKIQGQVDKIKGAGGD,0.32712627064376076,FNCAVASNATLPKKLKHTESTGQGGTIDMEIE
KPTENNEDFNIVAVASNFATTDLDADRGKLPGKKLPLEVLKEMEANARKAGCTRGCLICLSKIKCTLKMKKFIPGRCHTYEGDKSTGQGGIGTAIVDIPEIPGFKDMEPMEQFIAQVDLCEDCTTGCLKGLANVQCSDLLKKWLPQRCATFASKIQGQVDKIKGAGGD,0.0,FNVAVASNATLPKKLKHTESTGQGGTIDMEIE
KPTENNEDSNIVAVASNFATTDLDADRGKLPGKKLPLEVLKEMEANARKAGCTRGCLICLSKIKCTLKMKKFIPGRCHTYEGDKSTGQGGIGTAIVDIPEIPGFKDMEPMEQFIAQVDLCEDCTTGCLKGLANVQCSDLLKKWLPQRCATFASKIQGQVDKIKGAGGD,0.27307700290383496,SNVAVASNATLPKKLKHTESTGQGGTIDMEIE
KPTENNEDFNIVAVASNFATTDLDADRGKLPGKKLPLEVLKEMEANARIAGCTRGCLICLSKIKCTLKMKKFIPGRCHTYEGDKSTGQGGIGTAIVDIPEIPGFKDMEPMEQFIAQVDLCEDCTTGCLKGLANVQCSDLLKKWLPQRCATFASKIQGQVDKIKGAGGD,0.3152483381289049,FNVAVASNATLPIKLKHTESTGQGGTIDMEIE
KPTENNEDFNIVAVASNFATTDLDADRGKLPGKKLPLEVLKEMEANARKAGCTRGCLICLSKIKCTLKMKKFIPGRCHTYEGDKSTGQGGIGTAIVDIPEIPGFKDMEPMEQFSAQVDLCEDCTTGCLKGLANVQCSDLLKKWLPQRCATFASKIQGQVDKIKGAGGD,0.2731900815960364,FNVAVASNATLPKKLKHTESTGQGGTIDMESE
KPTENNEDFNIVAVASNFATTDLDADRGKLPGKKLPLEVLKEMEANARKAGCTRGCLICLSKIKCTLKMKKFIPGRCHTYEGDKETGQGGIGTAIVDIPEIPGFKDMEPMEQFIAQVDLCEDCTTGCLKGLANVQCSDLLKKWLPQRCATFASKIQGQVDKIKGAGGD,0.37181365890021,FNVAVASNATLPKKLKHTEETGQGGTIDMEIE
KPTENNEDFNIVAVASNFATTDLDADRGKLPGKKLPLEVLKEMEANARKAGCTRGCLICLSKIKCTLKMKKFIPGRCHTYEGDKSTKQGGIGTAIVDIPEIPGFKDMEPMEQFIAQVDLCEDCTTGCLKGLANVQCSDLLKKWLPQRCATFASKIQGQVDKIKGAGGD,0.2870028788274436,FNVAVASNATLPKKLKHTESTKQGGTIDMEIE
KPTENNEDFNIVAVASNFATTDRDADRGKLPGKKLPLEVLKEMEANARKAGCTRGCLICLSHIKCTAKMKKFIPGRCHTYEGDKKSGQGGIGAAIVDIPEIPGFKDMEPMEQFIAQVDLCVDCTTGCLKGLANVQCSDLLKKWLPQRCATFASKIQGQVDKIKGAGGD,0.27286056513667173,FNVAVASNATRPKHAKHTEKSGQGGAIDMEIV
KPTENNEDFNIVAVADNFATTDLDADRGKLPGKKLPLEVLKEMEANARKAGCTRGCLICLSHIKCTAKMKKFIPGRCHTYEGDKKSGQGGIGAAIVDIPEIPGFKDMEPMEQFIAQVDLCVDCTTGCLKGLANVQCSDLLKKWLPQRCATFASKIQGQVDKIKGAGGD,0.2729582442564102,FNVAVADNATLPKHAKHTEKSGQGGAIDMEIV
KPTENNEDSNIVAVASNFATTDLDADRGKLPGKKLPLEVLKEMEANARKAGCTRGCLICLSHIKCTAKMKKFIPGRCHTYEGDKKSGQGGIGAAIVDIPEIPGFKDMEPMEQFIAQVDLCVDCTTGCLKGLANVQCSDLLKKWLPQRCATFASKIQGQVDKIKGAGGD,0.2728651585510148,SNVAVASNATLPKHAKHTEKSGQGGAIDMEIV
KPTENNEDFNIYAVASNFATTDLDADRGKLPGKKLPLEVLKEMEANARKAGCTRGCLICLSHIKCTAKMKKFIPGRCHTYEGDKKSGQGGIGAAIVDIPEIPGFKDMEPMEQFIAQVDLCVDCTTGCLKGLANVQCSDLLKKWLPQRCATFASKIQGQVDKIKGAGGD,0.27537861959033705,FNYAVASNATLPKHAKHTEKSGQGGAIDMEIV
KPTENNEDFNIGAVASNFATTDLDADRGKLPGKKLPLEVLKEMEANARKAGCTRGCLICLSHIKCTAKMKKFIPGRCHTYEGDKKSGQGGIGAAIVDIPEIPGFKDMEPMEQFIAQVDLCVDCTTGCLKGLANVQCSDLLKKWLPQRCATFASKIQGQVDKIKGAGGD,0.27537857785602715,FNGAVASNATLPKHAKHTEKSGQGGAIDMEIV
KPTENNEDFNIVAVASNFATTDLDADRGKLPGKKLPLEVLKEMEANARKAGCTRGCLICLSHIKCTAKMKKFIPGRCHTYEGDKKSKQGGIGAAIVDIPEIPGFKDMEPMEQFIAQVDLCVDCTTGCLKGLANVQCSDLLKKWLPQRCATFASKIQGQVDKIKGAGGD,0.28752114677368984,FNVAVASNATLPKHAKHTEKSKQGGAIDMEIV
KPTENNEDFNIVAVASNFATTDLDADRGKLPGKKLPLEVLKEMEANARKAGCTRGCLICLSHIKCTAKMKKFIPGRCHTYEGDKKSGQGGIGAAIVDIPEIPGFKDMEPMGQFIAQVDLCVDCTTGCLKGLANVQCSDLLKKWLPQRCATFASKIQGQVDKIKGAGGD,0.27292235597857645,FNVAVASNATLPKHAKHTEKSGQGGAIDMGIV
KPTENNEDFNIVALASNFATTDLDADRGKLPGKKLPLEVLKEMEANARKAGCTRGCLICLSHIKCTAKMKKFIPGRCHTYEGDKKSGQGGIGAAIVDIPEIPGFKDMEPMEQFIAQVDLCVDCTTGCLKGLANVQCSDLLKKWLPQRCATFASKIQGQVDKIKGAGGD,0.2732445401053738,FNVALASNATLPKHAKHTEKSGQGGAIDMEIV
KPTENNEDFNIVAVASNFATTDLDADRGKLPGKKLPLEVLKEMEANARKAGCTRGCLICLSHIKCTAKMKKFIPGRCHTYEGDKKSGQGGIGAAIVDIPEIPGFKDMEPMEQFIAQVDLCVDCTTGCLKGLANVQCSDLLKKWLPQRCATFASKIQGQVDKIKGAGGD,0.0,FNVAVASNATLPKHAKHTEKSGQGGAIDMEIV
KPTENNEDFSIVAVASNFATTDLDADRGKLPGKKLPLEVLKEMEANARKAGCTRGCLICLSHIKCTPKMKKFIPGRCHTYEGDKESAQGGIGEAIVDIPEIPGFKDLEPMEQFIAQVDLCVDCTTGCLKGLANVQCSDLLKKWLPQRCATFASKIQGQVDKIKGAGGD,0.0,FSVAVASNATLPKHPKHTEESAQGGEIDLEIV
KPTENNEDFSIVAVASNFATTDLDADRGKLPGKKLPLEVLKEMEANARKAGCTRGCLICLSHIKCTPKMKKFIPGRCHTYEGDKESAQAGIGEAIVDIPEIPGFKDLEPMEQFIAQVDLCVDCTTGCLKGLANVQCSDLLKKWLPQRCATFASKIQGQVDKIKGAGGD,0.40922990924119584,FSVAVASNATLPKHPKHTEESAQAGEIDLEIV
KPTENNEDFSIVAVADNFATTDLDADRGKLPGKKLPLEVLKEMEANARKAGCTRGCLICLSHIKCTPKMKKFIPGRCHTYEGDKESAQGGIGEAIVDIPEIPGFKDLEPMEQFIAQVDLCVDCTTGCLKGLANVQCSDLLKKWLPQRCATFASKIQGQVDKIKGAGGD,0.27069441441133946,FSVAVADNATLPKHPKHTEESAQGGEIDLEIV
KPTENNEDFSIDAVASNFATTDLDADRGKLPGKKLPLEVLKEMEANARKAGCTRGCLICLSHIKCTPKMKKFIPGRCHTYEGDKESAQGGIGEAIVDIPEIPGFKDLEPMEQFIAQVDLCVDCTTGCLKGLANVQCSDLLKKWLPQRCATFASKIQGQVDKIKGAGGD,0.388574436377943,FSDAVASNATLPKHPKHTEESAQGGEIDLEIV
KPTENNEDFSIVAVASNFATTDIDADRGKLPGKKLPLEVLKEMEANARKAGCTRGCLICLSHIKCTPKMKKFIPGRCHTYEGDKESAQGGIGEAIVDIPEIPGFKDLEPMEQFIAQVDLCVDCTTGCLKGLANVQCSDLLKKWLPQRCATFASKIQGQVDKIKGAGGD,0.27063556770060876,FSVAVASNATIPKHPKHTEESAQGGEIDLEIV
KPTENNEDFSIYAVASNFATTDLDADRGKLPGKKLPLEVLKEMEANARKAGCTRGCLICLSHIKCTPKMKKFIPGRCHTYEGDKESAQGGIGEAIVDIPEIPGFKDLEPMEQFIAQVDLCVDCTTGCLKGLANVQCSDLLKKWLPQRCATFASKIQGQVDKIKGAGGD,0.38838721664165643,FSYAVASNATLPKHPKHTEESAQGGEIDLEIV
KPTENNEDFSICAVASNFATTDLDADRGKLPGKKLPLEVLKEMEANARKAGCTRGCLICLSHIKCTPKMKKFIPGRCHTYEGDKESAQGGIGEAIVDIPEIPGFKDLEPMEQFIAQVDLCVDCTTGCLKGLANVQCSDLLKKWLPQRCATFASKIQGQVDKIKGAGGD,0.38847150998120156,FSCAVASNATLPKHPKHTEESAQGGEIDLEIV
KPTENNEDLNIVATASNFATTDLDADRGKLPGKKLPLEVLKEMEANARKAGCTRGCLICLSKIKCTLKMKKFIPGRCHTYEGDKSTGQGGIGPAIVDIPEIPGFKDMEPMEQFIAQVDLCEDCTTGCLKGLANVQCSDLLKKWLPQRCATFASKIQGQVDKIKGAGGD,0.2664736238613864,LNVATASNATLPKKLKHTESTGQGGPIDMEIE
KPTENNEDFNIVATASNFATTDLDADRGKLPGKKLPLEVLKEMEANARKAGCTRGCLICLSKIKCTLKMKKFIPGRCATYEGDKSTGQGGIGPAIVDIPEIPGFKDMEPMEQFIAQVDLCEDCTTGCLKGLANVQCSDLLKKWLPQRCATFASKIQGQVDKIKGAGGD,0.2662050602220347,FNVATASNATLPKKLKATESTGQGGPIDMEIE
KPTENNEDFNIVATASNFATTDLDADRGKLPGKKLPLEVLKEMEANARKAGCTRGCLICLSKIKCTLKMKKFIPGRCHTYEGDKSTGQGGIGPAIVDIPEIPGFKDMEPMEQFIAQVDLCVDCTTGCLKGLANVQCSDLLKKWLPQRCATFASKIQGQVDKIKGAGGD,0.34110621738504115,FNVATASNATLPKKLKHTESTGQGGPIDMEIV
KPTENNEDFNICATASNFATTDLDADRGKLPGKKLPLEVLKEMEANARKAGCTRGCLICLSKIKCTLKMKKFIPGRCHTYEGDKSTGQGGIGPAIVDIPEIPGFKDMEPMEQFIAQVDLCEDCTTGCLKGLANVQCSDLLKKWLPQRCATFASKIQGQVDKIKGAGGD,0.32024731537803175,FNCATASNATLPKKLKHTESTGQGGPIDMEIE
KPTENNEDFNIVATAANFATTDLDADRGKLPGKKLPLEVLKEMEANARKAGCTRGCLICLSKIKCTLKMKKFIPGRCHTYEGDKSTGQGGIGPAIVDIPEIPGFKDMEPMEQFIAQVDLCEDCTTGCLKGLANVQCSDLLKKWLPQRCATFASKIQGQVDKIKGAGGD,0.27646493612731254,FNVATAANATLPKKLKHTESTGQGGPIDMEIE
KPTENNEDFNIVATASNFATTDIDADRGKLPGKKLPLEVLKEMEANARKAGCTRGCLICLSKIKCTLKMKKFIPGRCHTYEGDKSTGQGGIGPAIVDIPEIPGFKDMEPMEQFIAQVDLCEDCTTGCLKGLANVQCSDLLKKWLPQRCATFASKIQGQVDKIKGAGGD,0.2662890085436419,FNVATASNATIPKKLKHTESTGQGGPIDMEIE
KPTENNEDFNIVATASNFAATDLDADRGKLPGKKLPLEVLKEMEANARKAGCTRGCLICLSKIKCTLKMKKFIPGRCHTYEGDKSTGQGGIGPAIVDIPEIPGFKDMEPMEQFIAQVDLCEDCTTGCLKGLANVQCSDLLKKWLPQRCATFASKIQGQVDKIKGAGGD,0.26623060171894264,FNVATASNAALPKKLKHTESTGQGGPIDMEIE
KPTENNEDFNIVATASNFATTDLDADRGKLPGKKLPLEVLKEMEANARKAGCTRGCLICLSKIKCTLKMKKFIPGRCHTYEGDKSTGQGGIGPAIVDIPEIPGFKDMEPMEQFIAQVDLCEDCTTGCLKGLANVQCSDLLKKWLPQRCATFASKIQGQVDKIKGAGGD,0.0,FNVATASNATLPKKLKHTESTGQGGPIDMEIE
KPTENNEDFNIVATASNFATTDLDADRGKLPGKKLPLEVLKEMEANARKAGCTRGCLICLSKIKCTLKMKRFIPGRCHTYEGDKSTGQGGIGPAIVDIPEIPGFKDMEPMEQFIAQVDLCEDCTTGCLKGLANVQCSDLLKKWLPQRCATFASKIQGQVDKIKGAGGD,0.26654231153845387,FNVATASNATLPKKLRHTESTGQGGPIDMEIE
KPTENNEDTNIVAVASNFATTDLDADRGKLPGKKLPLEVLKEMEANARRAGCTRGCLICLSKIKCTAKMKKFIPGRCHTYEGDKSSGQGGIGEAIVDIPEIPGFKDMEPMEQFIAQVDLCEDCTTGCLKGLANVQCSDLLKKWLPQRCATFASKIQGQVDKIKGAGGD,0.2587520935007735,TNVAVASNATLPRKAKHTESSGQGGEIDMEIE
KPTENNEDFNIVAVASNFATTDRDADRGKLPGKKLPLEVLKEMEANARRAGCTRGCLICLSKIKCTAKMKKFIPGRCHTYEGDKSSGQGGIGEAIVDIPEIPGFKDMEPMEQFIAQVDLCEDCTTGCLKGLANVQCSDLLKKWLPQRCATFASKIQGQVDKIKGAGGD,0.2587491875237688,FNVAVASNATRPRKAKHTESSGQGGEIDMEIE
KPTENNEDFNIVAVASNFWTTDLDADRGKLPGKKLPLEVLKEMEANARRAGCTRGCLICLSKIKCTAKMKKFIPGRCHTYEGDKSSGQGGIGEAIVDIPEIPGFKDMEPMEQFIAQVDLCEDCTTGCLKGLANVQCSDLLKKWLPQRCATFASKIQGQVDKIKGAGGD,0.2587514695385693,FNVAVASNWTLPRKAKHTESSGQGGEIDMEIE
KPTENNEDFNIVAVASNFATTDLDADRGKLPGKKLPLEVLKEMEANARRAGCTRGCLICLSKIKCTAKMKKFIPGRCHTYEGDKSSGQGGIGEAIVDIPEIPGFKDMEPMEQFIAQVDLCEDCTTGCLKGLANVQCSDLLKKWLPQRCATFASKIQGQVDKIKGAGGD,0.0,FNVAVASNATLPRKAKHTESSGQGGEIDMEIE
KPTENNEDFNIVAVASNFATTDLDADRGKLPGKKLPLEVLKEMEANARRAGCTRGCLICLSKIKCTAKMKKFIPGRCHTYEGDKASGQGGIGEAIVDIPEIPGFKDMEPMEQFIAQVDLCEDCTTGCLKGLANVQCSDLLKKWLPQRCATFASKIQGQVDKIKGAGGD,0.4170702440373317,FNVAVASNATLPRKAKHTEASGQGGEIDMEIE
KPTENNEDFNIRAVASNFATTDLDADRGKLPGKKLPLEVLKEMEANARRAGCTRGCLICLSKIKCTAKMKKFIPGRCHTYEGDKSSGQGGIGEAIVDIPEIPGFKDMEPMEQFIAQVDLCEDCTTGCLKGLANVQCSDLLKKWLPQRCATFASKIQGQVDKIKGAGGD,0.2617302657069284,FNRAVASNATLPRKAKHTESSGQGGEIDMEIE
KPTENNEDLNIVAVASNFATTDLDADRGKLPGKKLPLEVLKEMEANARRAGCTRGCLICLSKIKCTAKMKKFIPGRCHTYEGDKSSGQGGIGEAIVDIPEIPGFKDMEPMEQFIAQVDLCEDCTTGCLKGLANVQCSDLLKKWLPQRCATFASKIQGQVDKIKGAGGD,0.2587625217023922,LNVAVASNATLPRKAKHTESSGQGGEIDMEIE
KPTENNEDFNIVAVASNFATTDLDADRGKLPGKKLPLEVLKEMEANARRAGCTRGCLICLSKIKCTAKMKKFIPGRCHTYEGDKSTGQGGIGEAIVDIPEIPGFKDMEPMEQFIAQVDLCEDCTTGCLKGLANVQCSDLLKKWLPQRCATFASKIQGQVDKIKGAGGD,0.5910038570746707,FNVAVASNATLPRKAKHTESTGQGGEIDMEIE
KPTENNEDYNIVAVASNFATTDLDADRGKLPGKKLPLEVLKEMEANARRAGCTRGCLICLSKIKCTAKMKKFIPGRCHTYEGDKSSGQGGIGEAIVDIPEIPGFKDMEPMEQFIAQVDLCEDCTTGCLKGLANVQCSDLLKKWLPQRCATFASKIQGQVDKIKGAGGD,0.2587519903698154,YNVAVASNATLPRKAKHTESSGQGGEIDMEIE
KPTENNEDFNIDAVASNFRTTDLDADRGKLPGKKLPLEVLKEMEANARKAGCTRGCLICLSKIKCTLKMKKFIPGRCHTYEGDKSTGQGGIGPAIVDIPEIPGFKDMEPMEQFIAQVDLCEDCTTGCLKGLANVQCSDLLKKWLPQRCATFASKIQGQVDKIKGAGGD,0.2571407638766544,FNDAVASNRTLPKKLKHTESTGQGGPIDMEIE
KPTENNEDFNIDAVAMNFATTDLDADRGKLPGKKLPLEVLKEMEANARKAGCTRGCLICLSKIKCTLKMKKFIPGRCHTYEGDKSTGQGGIGPAIVDIPEIPGFKDMEPMEQFIAQVDLCEDCTTGCLKGLANVQCSDLLKKWLPQRCATFASKIQGQVDKIKGAGGD,0.2647310607912705,FNDAVAMNATLPKKLKHTESTGQGGPIDMEIE
KPTENNEDFNIDAVASNFATTDLDADRGKLPGKKLPLEVLKEMEANARKAGCTRGCLICLSKIKCTLKMKKFIPGRCHTYEGDKETGQGGIGPAIVDIPEIPGFKDMEPMEQFIAQVDLCEDCTTGCLKGLANVQCSDLLKKWLPQRCATFASKIQGQVDKIKGAGGD,0.29519748667638945,FNDAVASNATLPKKLKHTEETGQGGPIDMEIE
KPTENNEDFNIDAVASNFATTDLDADRGKLPGKKLPLEVLKEMEANARKAGCTRGCLICLSKIKCTAKMKKFIPGRCHTYEGDKSTGQGGIGPAIVDIPEIPGFKDMEPMEQFIAQVDLCEDCTTGCLKGLANVQCSDLLKKWLPQRCATFASKIQGQVDKIKGAGGD,0.3532918779011596,FNDAVASNATLPKKAKHTESTGQGGPIDMEIE
KPTENNEDFNIDAVASNFATTDRDADRGKLPGKKLPLEVLKEMEANARKAGCTRGCLICLSKIKCTLKMKKFIPGRCHTYEGDKSTGQGGIGPAIVDIPEIPGFKDMEPMEQFIAQVDLCEDCTTGCLKGLANVQCSDLLKKWLPQRCATFASKIQGQVDKIKGAGGD,0.25706486835595144,FNDAVASNATRPKKLKHTESTGQGGPIDMEIE
KPTENNEDFNIRAVASNFATTDLDADRGKLPGKKLPLEVLKEMEANARKAGCTRGCLICLSKIKCTLKMKKFIPGRCHTYEGDKSTGQGGIGPAIVDIPEIPGFKDMEPMEQFIAQVDLCEDCTTGCLKGLANVQCSDLLKKWLPQRCATFASKIQGQVDKIKGAGGD,0.4376020213573303,FNRAVASNATLPKKLKHTESTGQGGPIDMEIE
KPTENNEDFNIDAVASNFATTDTDADRGKLPGKKLPLEVLKEMEANARKAGCTRGCLICLSKIKCTLKMKKFIPGRCHTYEGDKSTGQGGIGPAIVDIPEIPGFKDMEPMEQFIAQVDLCEDCTTGCLKGLANVQCSDLLKKWLPQRCATFASKIQGQVDKIKGAGGD,0.25707465593300327,FNDAVASNATTPKKLKHTESTGQGGPIDMEIE
KPTENNEDFNIDAVDSNFATTDLDADRGKLPGKKLPLEVLKEMEANARKAGCTRGCLICLSKIKCTLKMKKFIPGRCHTYEGDKSTGQGGIGPAIVDIPEIPGFKDMEPMEQFIAQVDLCEDCTTGCLKGLANVQCSDLLKKWLPQRCATFASKIQGQVDKIKGAGGD,0.2570645430882756,FNDAVDSNATLPKKLKHTESTGQGGPIDMEIE
KPTENNEDFNIDAVASNFATTDLDADRGKLPGKKLPLEVLKEMEANARKAGCTRGCLICLSKIKCTLKMKRFIPGRCHTYEGDKSTGQGGIGPAIVDIPEIPGFKDMEPMEQFIAQVDLCEDCTTGCLKGLANVQCSDLLKKWLPQRCATFASKIQGQVDKIKGAGGD,0.2573515348618464,FNDAVASNATLPKKLRHTESTGQGGPIDMEIE
KPTENNEDFNIVAVANNFATTDLDADRGKLPGKKLPLEVLKEMEANARKAGCTRGCLICLSHIKCTPKMKKFIPGRCHHYEGDKESAQGGIGEAIVDIPEIPGFKDLEPMEQFIAQVDLCVDCTTGCLKGLANVQCSDLLKKWLPQRCATFASKIQGQVDKIKGAGGD,0.25776500872019753,FNVAVANNATLPKHPKHHEESAQGGEIDLEIV
KPTENNEDFNIVAVASNFATTDLDADRGKLPGKKLPLEVLKEMEANARKAGCTRGCLICLSHIKCTPKMKKFIPGRCHHYEGDKETAQGGIGEAIVDIPEIPGFKDLEPMEQFIAQVDLCVDCTTGCLKGLANVQCSDLLKKWLPQRCATFASKIQGQVDKIKGAGGD,0.2827067380698949,FNVAVASNATLPKHPKHHEETAQGGEIDLEIV
