mutants,fitness_relative,sheet
KPTENNEDFNIVAVASNFATTDLDADRGKLPGKKLPLEVLKEMEANARRAGCTRGCLICLSKIKCTAKMKKFIPGRCHTYEGDKSSGQGGIGEAIVDIPEIPGFKDMEPMEQFIAQVDLCEDCTTGCLKGLANVQCSDLLKKWLPQRCATFASKIQGQVDKIKGAGGD,2.717181434599156,sheet1
KPTENNEDFNIVAVASNFATTDLDADRGKLPGKKLPLEVLKEMEANARNAGCTRGCLICLSHIKCTAKMKKFIPGRCHTYEGDKSTAQGGIGAAIVDIPEIPGFKDMEPMEQFIAQVDLCEDCTTGCLKGLANVQCSDLLKKWLPQRCATFASKIQGQVDKIKGAGGD,1.6998481012658229,sheet1
KPTENNEDFNIVAVASNFATTDLDADRGKLPGKKLPLEVLKEMEANARRAGCTRGCLICLSHIKCTLKMKKFIPGRCHTYEGDKSTAQGGIGEAIVDIPEIPGFKDMEPMEQFIAQVDLCEDCTTGCLKGLANVQCSDLLKKWLPQRCATFASKIQGQVDKIKGAGGD,1.2620084388185653,sheet1
KPTENNEDFNIVAVASNFATTDLDADRGKLPGKKLPLEVLKEMEANARNAGCTRGCLICLSHIKCTAKMKKFIPGRCHTYEGDKATAQGGIGEAIVDIPEIPGFKDMEPMEQFIAQVDLCVDCTTGCLKGLANVQCSDLLKKWLPQRCATFASKIQGQVDKIKGAGGD,1.4551729957805906,sheet1
KPTENNEDFNIVAVASNFATTDLDADRGKLPGKKLPLEVLKEMEANARSAGCTRGCLICLSHIKCTAKMKKFIPGRCHTYEGDKDTAQGGIGPAIVDIPEIPGFKDLEPMEQFIAQVDLCDDCTTGCLKGLANVQCSDLLKKWLPQRCATFASKIQGQVDKIKGAGGD,0.16097046413502109,sheet1
KPTENNEDFNIVAVASNFATTDLDADRGKLPGKKLPLEVLKEMEANARNAGCTRGCLICLSHIKCTAKMKKFIPGRCHTYEGDKDTAQGGIGPAIVDIPEIPGFKDLEPMEQFIAQVDLCDDCTTGCLKGLANVQCSDLLKKWLPQRCATFASKIQGQVDKIKGAGGD,1.4616118143459915,sheet1
KPTENNEDFNIVAVASNFATTDLDADRGKLPGKKLPLEVLKEMEANARNAGCTRGCLICLSHIKCTKKMKKFIPGRCHTYEGDKETGQGGIGAAIVDIPEIPGFKDMEPMEQFIAQVDLCVDCTTGCLKGLANVQCSDLLKKWLPQRCATFASKIQGQVDKIKGAGGD,1.2426919831223628,sheet1
KPTENNEDFNIVAVASNFATTDLDADRGKLPGKKLPLEVLKEMEANARKAGCTRGCLICLSHIKCTLKMKKFIPGRCHTYEGDKATAQGGIGAAIVDIPEIPGFKDMEPMEQFIAQVDLCDDCTTGCLKGLANVQCSDLLKKWLPQRCATFASKIQGQVDKIKGAGGD,1.6161434599156115,sheet1
KPTENNEDFNIVAVASNFATTDLDADRGKLPGKKLPLEVLKEMEANARKAGCTRGCLICLSKIKCTAKMKKFIPGRCHTYEGDKDSGQGGIGAAIVDIPEIPGFKDMEPMEQFIAQVDLCVDCTTGCLKGLANVQCSDLLKKWLPQRCATFASKIQGQVDKIKGAGGD,2.6077215189873417,sheet1
KPTENNEDFNIVAVASNFATTDLDADRGKLPGKKLPLEVLKEMEANARRAGCTRGCLICLSHIKCTKKMKKFIPGRCHTYEGDKDSGQGGIGPAIVDIPEIPGFKDLEPMEQFIAQVDLCDDCTTGCLKGLANVQCSDLLKKWLPQRCATFASKIQGQVDKIKGAGGD,1.3457130801687762,sheet1
KPTENNEDFNIVAVASNFATTDLDADRGKLPGKKLPLEVLKEMEANARNAGCTRGCLICLSKIKCTAKMKKFIPGRCHTYEGDKDTGQGGIGEAIVDIPEIPGFKDLEPMEQFIAQVDLCDDCTTGCLKGLANVQCSDLLKKWLPQRCATFASKIQGQVDKIKGAGGD,2.504700421940928,sheet1
KPTENNEDFNIVAVASNFATTDLDADRGKLPGKKLPLEVLKEMEANARNAGCTRGCLICLSHIKCTKKMKKFIPGRCHTYEGDKATGQGGIGAAIVDIPEIPGFKDLEPMEQFIAQVDLCDDCTTGCLKGLANVQCSDLLKKWLPQRCATFASKIQGQVDKIKGAGGD,1.4680506329113923,sheet1
KPTENNEDFNIVAVASNFATTDLDADRGKLPGKKLPLEVLKEMEANARKAGCTRGCLICLSHIKCTAKMKKFIPGRCHTYEGDKATAQGGIGAAIVDIPEIPGFKDLEPMEQFIAQVDLCDDCTTGCLKGLANVQCSDLLKKWLPQRCATFASKIQGQVDKIKGAGGD,1.0495274261603376,sheet1
KPTENNEDFNIVAVASNFATTDLDADRGKLPGKKLPLEVLKEMEANARNAGCTRGCLICLSKIKCTAKMKKFIPGRCHTYEGDKETAQGGIGEAIVDIPEIPGFKDLEPMEQFIAQVDLCDDCTTGCLKGLANVQCSDLLKKWLPQRCATFASKIQGQVDKIKGAGGD,0.9658227848101266,sheet1
KPTENNEDFNIVAVASNFATTDLDADRGKLPGKKLPLEVLKEMEANARKAGCTRGCLICLSHIKCTPKMKKFIPGRCHTYEGDKSTAQGGIGEAIVDIPEIPGFKDMEPMEQFIAQVDLCDDCTTGCLKGLANVQCSDLLKKWLPQRCATFASKIQGQVDKIKGAGGD,0.9271898734177214,sheet1
KPTENNEDFNIVAVASNFATTDLDADRGKLPGKKLPLEVLKEMEANARNAGCTRGCLICLSHIKCTAKMKKFIPGRCHTYEGDKASAQGGIGPAIVDIPEIPGFKDMEPMEQFIAQVDLCDDCTTGCLKGLANVQCSDLLKKWLPQRCATFASKIQGQVDKIKGAGGD,1.197620253164557,sheet1
KPTENNEDFNIVAVASNFATTDLDADRGKLPGKKLPLEVLKEMEANARKAGCTRGCLICLSKIKCTLKMKKFIPGRCHTYEGDKSTAQGGIGPAIVDIPEIPGFKDMEPMEQFIAQVDLCDDCTTGCLKGLANVQCSDLLKKWLPQRCATFASKIQGQVDKIKGAGGD,1.6612151898734178,sheet1
KPTENNEDFNIVAVASNFATTDLDADRGKLPGKKLPLEVLKEMEANARNAGCTRGCLICLSKIKCTLKMKKFIPGRCHTYEGDKSTGQGGIGPAIVDIPEIPGFKDMEPMEQFIAQVDLCDDCTTGCLKGLANVQCSDLLKKWLPQRCATFASKIQGQVDKIKGAGGD,2.260025316455696,sheet1
KPTENNEDFNIVAVASNFATTDLDADRGKLPGKKLPLEVLKEMEANARKAGCTRGCLICLSKIKCTLKMKKFIPGRCHTYEGDKDIGQGGIGEAIVDIPEIPGFKDMEPMEQFIAQVDLCVDCTTGCLKGLANVQCSDLLKKWLPQRCATFASKIQGQVDKIKGAGGD,2.13768776371308,sheet1
KPTENNEDFNIVAVASNFATTDLDADRGKLPGKKLPLEVLKEMEANARRAGCTRGCLICLSHIKCTAKMKKFIPGRCHTYEGDKSTAQGGIGPAIVDIPEIPGFKDMEPMEQFIAQVDLCVDCTTGCLKGLANVQCSDLLKKWLPQRCATFASKIQGQVDKIKGAGGD,1.3521518987341772,sheet1
KPTENNEDFNIVAVASNFATTDLDADRGKLPGKKLPLEVLKEMEANARNAGCTRGCLICLSHIKCTAKMKKFIPGRCHTYEGDKSSAQGGIGPAIVDIPEIPGFKDMEPMEQFIAQVDLCEDCTTGCLKGLANVQCSDLLKKWLPQRCATFASKIQGQVDKIKGAGGD,1.0559662447257383,sheet1
KPTENNEDFNIVAVASNFATTDLDADRGKLPGKKLPLEVLKEMEANARNAGCTRGCLICLSKIKCTVKMKKFIPGRCHTYEGDKDIAQGGIGAAIVDIPEIPGFKDMEPMEQFIAQVDLCDDCTTGCLKGLANVQCSDLLKKWLPQRCATFASKIQGQVDKIKGAGGD,1.2555696202531643,sheet1
KPTENNEDFNIVAVASNFATTDLDADRGKLPGKKLPLEVLKEMEANARKAGCTRGCLICLSKIKCTPKMKKFIPGRCHTYEGDKKTGQGGIGEAIVDIPEIPGFKDMEPMEQFIAQVDLCDDCTTGCLKGLANVQCSDLLKKWLPQRCATFASKIQGQVDKIKGAGGD,2.150565400843882,sheet1
KPTENNEDFNIVAVASNFATTDLDADRGKLPGKKLPLEVLKEMEANARKAGCTRGCLICLSHIKCTPKMKKFIPGRCHTYEGDKESAQGGIGEAIVDIPEIPGFKDLEPMEQFIAQVDLCVDCTTGCLKGLANVQCSDLLKKWLPQRCASFAVKIQSQVDNIKGLGGD,0.43140084388185657,sheet1
KPTENNEDSNIEAVVNNFAETDGDADRGKLPGKKLPLEVLKEMEANARKAGCTRGCLICLSHIKCTPKMKKFIPGRCHTYEGDKESAQGGIGEAIVDIPEIPGFKDLEPMEQFIAQVDLCVDCTTGCLKGLANVQCSDLLKKWLPQRCATFASKIQGQVDKIKGAGGD,0.4185232067510548,sheet1
KPTENNEDFNIVAVASNFATTDLDADRGKLPGKKLPLEVLKEMEANARNAGCTRGCLICLSHIKCTVKMKKFIPGRCHTYEGDKNTGQGGIGAAIVDIPEIPGFKDMEPMEQFIAQVDLCDDCTTGCLKGLANVQCSDLLKKWLPQRCATFASKIQGQVDKIKGAGGD,2.008911392405063,sheet1
KPTENNEDFNIVAVASNFATTDLDADRGKLPGKKLPLEVLKEMEANARRAGCTRGCLICLSHIKCTLKMKRFIPGRCHTYEGDKATGQGGIGEAIVDIPEIPGFKDMEPMEQFIAQVDLCVDCTTGCLKGLANVQCSDLLKKWLPQRCATFASKIQGQVDKIKGAGGD,0.9658227848101266,sheet1
KPTENNEDFNIVAVASNFATTDLDADRGKLPGKKLPLEVLKEMEANARKAGCTRGCLICLSKIKCTLKMKKFIPGRCHTYEGDKSTGQGGIGPAIVDIPEIPGFKDMEPMEQFIAQVDLCEDCTTGCLKGLANVQCSDLLKKWLPQRCATFASKIQGQVDKIKGAGGD,3.052,sheet1
KPTENNEDFNIVAVASNFATTDLDADRGKLPGKKLPLEVLKEMEANARRAGCTRGCLICLSHIKCTAKMKKFIPGRCHTYEGDKATGQGGIGPAIVDIPEIPGFKDMEPMEQFIAQVDLCEDCTTGCLKGLANVQCSDLLKKWLPQRCATFASKIQGQVDKIKGAGGD,2.0539831223628693,sheet1
KPTENNEDFNIVAVASNFATTDLDADRGKLPGKKLPLEVLKEMEANARKAGCTRGCLICLSHIKCTLKMKKFIPGRCHTYEGDKSTGQGGIGPAIVDIPEIPGFKDMEPMEQFIAQVDLCVDCTTGCLKGLANVQCSDLLKKWLPQRCATFASKIQGQVDKIKGAGGD,2.092616033755274,sheet1
KPTENNEDFNIVAVASNFATTDLDADRGKLPGKKLPLEVLKEMEANARNAGCTRGCLICLSHIKCTKKMKKFIPGRCHTYEGDKASGQGGIGEAIVDIPEIPGFKNMEPMEQFIAQVDLCDDCTTGCLKGLANVQCSDLLKKWLPQRCATFASKIQGQVDKIKGAGGD,2.5111392405063286,sheet1
KPTENNEDFNIVAVASNFATTDLDADRGKLPGKKLPLEVLKEMEANARRAGCTRGCLICLSKIKCTAKMKKFIPGRCHTYEGDKATGQGGIGEAIVDIPEIPGFKDMEPMEQFIAQVDLCDDCTTGCLKGLANVQCSDLLKKWLPQRCATFASKIQGQVDKIKGAGGD,3.3159915611814346,sheet1
KPTENNEDFNIVAVASNFATTDLDADRGKLPGKKLPLEVLKEMEANARKAGCTRGCLICLSKIKCTAKMKKFIPGRCHTYEGDKDTGQGGIGEAIVDIPEIPGFKDMEPMEQFIAQVDLCEDCTTGCLKGLANVQCSDLLKKWLPQRCATFASKIQGQVDKIKGAGGD,3.8632911392405065,sheet1
KPTENNEDFNIVAVASNFATTDLDADRGKLPGKKLPLEVLKEMEANARKAGCTRGCLICLSHIKCTKKMKKFIPGRCHTYEGDKATAQGGIGPAIVDIPEIPGFKNMEPMEQFIAQVDLCDDCTTGCLKGLANVQCSDLLKKWLPQRCATFASKIQGQVDKIKGAGGD,2.3050970464135023,sheet1
KPTENNEDFNIVAVASNFATTDLDADRGKLPGKKLPLEVLKEMEANARRAGCTRGCLICLSKIKCTLKMKKFIPGRCHTYEGDKETGQGGIGEAIVDIPEIPGFKDLEPMEQFIAQVDLCEDCTTGCLKGLANVQCSDLLKKWLPQRCATFASKIQGQVDKIKGAGGD,3.380379746835443,sheet1
KPTENNEDFNIVAVASNFATTDLDADRGKLPGKKLPLEVLKEMEANARKAGCTRGCLICLSHIKCTKKMKKFIPGRCHTYEGDKATGQGGIGPAIVDIPEIPGFKDLEPMEQFIAQVDLCVDCTTGCLKGLANVQCSDLLKKWLPQRCATFASKIQGQVDKIKGAGGD,2.4016793248945145,sheet1
KPTENNEDFNIVAVASNFATTDLDADRGKLPGKKLPLEVLKEMEANARKAGCTRGCLICLSHIKCTAKMKKFIPGRCHTYEGDKKSGQGGIGAAIVDIPEIPGFKDMEPMEQFIAQVDLCVDCTTGCLKGLANVQCSDLLKKWLPQRCATFASKIQGQVDKIKGAGGD,2.8652742616033753,sheet1
KPTENNEDFNIVAVASNFATTDLDADRGKLPGKKLPLEVLKEMEANARNAGCTRGCLICLSKIKCTPKMKKFIPGRCHTYEGDKATGQGGIGEAIVDIPEIPGFKDLEPMEQFIAQVDLCEDCTTGCLKGLANVQCSDLLKKWLPQRCATFASKIQGQVDKIKGAGGD,2.923223628691983,sheet1
KPTENNEDFNIVAVASNFATTDLDADRGKLPGKKLPLEVLKEMEANARNAGCTRGCLICLSHIKCTKKMKKFIPGRCHTYEGDKETGQGGIGGAIVDIPEIPGFKNMEPMEQFIAQVDLCEDCTTGCLKGLANVQCSDLLKKWLPQRCATFASKIQGQVDKIKGAGGD,0.3476962025316456,sheet1
KPTENNEDFNIVAVASNFATTDLDADRGKLPGKKLPLEVLKEMEANARKAGCTRGCLICLSKIKCTAKMKKFIPGRCHTYEGDKDTAQGGIGPAIVDIPEIPGFKDMEPMEQFIAQVDLCVDCTTGCLKGLANVQCSDLLKKWLPQRCATFASKIQGQVDKIKGAGGD,0.198,sheet2
KPTENNEDFNIVGIVGNFNDTDRDADRGKLPGKKLPLEVLKEMEANARKAGCTRGCLICLSHIKCTPKMKKFIPGRCHTYEGDKESAQGGIGEAIVDIPEIPGFKDLEPMEQFIAQVDLCVDCTTGCLKGLANVQCSDLLKKWLPQRCATFASKIQGQVDKIKGAGGD,0.138,sheet2
KPTENNEDFNIVAVASNFATTDLDGDRGKLPGKKLPLEVLKEMEANARKAGCTRGCLICLSHIKCTPKMKKFIPGRCHTYEGDKESAQGGIGEAIVDIPEIPGFKDLEPMEQFIAQVDLCVDCTTGCLKGLANVCCSDLLKKWLPQRCAGFATKIQNQVDSIKGYAGD,2.527,sheet2
KPTENNEDFNIVAVASNFATTDLDGDRGKLPGKKLPLEVLKEMEANARKAGCTRGCLICLSHIKCTPKMKKFIPGRCHTYEGDKESAQGGIGEAIVDIPEIPGFKDLEPMEQFIAQVDLCVDCTTGCLKGLANVHCSDLLKKWLPQRCAGFATKIQNQVDSIKGYAGD,0.568,sheet2
KPTENNEDFNIVAVASNFATTDLDGDRGKLPGKKLPLEVLKEMEANARKAGCTRGCLICLSHIKCTPKMKKFIPGRCHTYEGDKESAQGGIGEAIVDIPEIPGFKDLEPMEQFIAQVDLCVDCTTGCLKGLANVKCSDLLKKWLPQRCATFASKIQNEVDSIKGYAGD,0.736,sheet2
KPTENNEDFNIVAVASNFATTDLDADRGKLPGKKLPLEVLKEMEANARKAGCTRGCLICLSHIKCTPKMKKFIPGRCHTYEGDKKTGQGGIGGAIVDIPEIPGFKDLEPMEQFIAQVDLCDDCTTGCLKGLANVQCSDLLKKWLPQRCATFASKIQGQVDKIKGAGGD,0.106,sheet2
KPTENNEDFNIVAVASNFATTDLDADRGKLPGKKLPLEVLKEMEANARKAGCTRGCLICLSHIKCTPKMKKFIPGRCHTYEGDKKTAQGGIGAAIVDIPEIPGFKDLEPMEQFIAQVDLCVDCTTGCLKGLANVQCSDLLKKWLPQRCATFASKIQGQVDKIKGAGGD,0.864,sheet2
KPTENNEDADIRGVEGNFPTTDADADRGKLPGKKLPLEVLKEMEANARKAGCTRGCLICLSHIKCTPKMKKFIPGRCHTYEGDKESAQGGIGEAIVDIPEIPGFKDLEPMEQFIAQVDLCVDCTTGCLKGLANVQCSDLLKKWLPQRCATFASKIQGQVDKIKGAGGD,0.034,sheet2
KPTENNEDCDIVDVVRNFTTTDLDADRGKLPGKKLPLEVLKEMEANARKAGCTRGCLICLSHIKCTPKMKKFIPGRCHTYEGDKESAQGGIGEAIVDIPEIPGFKDLEPMEQFIAQVDLCVDCTTGCLKGLANVQCSDLLKKWLPQRCATFASKIQGQVDKIKGAGGD,0.126,sheet2
KPTENNEDCDIVVLGINFVMTDGDADRGKLPGKKLPLEVLKEMEANARKAGCTRGCLICLSHIKCTPKMKKFIPGRCHTYEGDKESAQGGIGEAIVDIPEIPGFKDLEPMEQFIAQVDLCVDCTTGCLKGLANVQCSDLLKKWLPQRCATFASKIQGQVDKIKGAGGD,0.054,sheet2
KPTENNEDCDILAVVSNFIATDIDADRGKLPGKKLPLEVLKEMEANARKAGCTRGCLICLSHIKCTPKMKKFIPGRCHTYEGDKESAQGGIGEAIVDIPEIPGFKDLEPMEQFIAQVDLCVDCTTGCLKGLANVQCSDLLKKWLPQRCATFASKIQGQVDKIKGAGGD,0.203,sheet2
KPTENNEDCNIAALDGNFVKTDSDADRGKLPGKKLPLEVLKEMEANARKAGCTRGCLICLSHIKCTPKMKKFIPGRCHTYEGDKESAQGGIGEAIVDIPEIPGFKDLEPMEQFIAQVDLCVDCTTGCLKGLANVQCSDLLKKWLPQRCATFASKIQGQVDKIKGAGGD,0.072,sheet2
KPTENNEDCNILDLVGNFATTDIDADRGKLPGKKLPLEVLKEMEANARKAGCTRGCLICLSHIKCTPKMKKFIPGRCHTYEGDKESAQGGIGEAIVDIPEIPGFKDLEPMEQFIAQVDLCVDCTTGCLKGLANVQCSDLLKKWLPQRCATFASKIQGQVDKIKGAGGD,0.0,sheet2
KPTENNEDCNIYAVAGNFIETDTDADRGKLPGKKLPLEVLKEMEANARKAGCTRGCLICLSHIKCTPKMKKFIPGRCHTYEGDKESAQGGIGEAIVDIPEIPGFKDLEPMEQFIAQVDLCVDCTTGCLKGLANVQCSDLLKKWLPQRCATFASKIQGQVDKIKGAGGD,0.016,sheet2
KPTENNEDDDIODIARNFALTDLDADRGKLPGKKLPLEVLKEMEANARKAGCTRGCLICLSHIKCTPKMKKFIPGRCHTYEGDKESAQGGIGEAIVDIPEIPGFKDLEPMEQFIAQVDLCVDCTTGCLKGLANVQCSDLLKKWLPQRCATFASKIQGQVDKIKGAGGD,1.11,sheet2
KPTENNEDDHIKGVGLNFALTDRDADRGKLPGKKLPLEVLKEMEANARKAGCTRGCLICLSHIKCTPKMKKFIPGRCHTYEGDKESAQGGIGEAIVDIPEIPGFKDLEPMEQFIAQVDLCVDCTTGCLKGLANVQCSDLLKKWLPQRCATFASKIQGQVDKIKGAGGD,0.037,sheet2
KPTENNEDGDILVIGDNFWSTDLDADRGKLPGKKLPLEVLKEMEANARKAGCTRGCLICLSHIKCTPKMKKFIPGRCHTYEGDKESAQGGIGEAIVDIPEIPGFKDLEPMEQFIAQVDLCVDCTTGCLKGLANVQCSDLLKKWLPQRCATFASKIQGQVDKIKGAGGD,0.038,sheet2
KPTENNEDGYIVDLVRNFMETDGDADRGKLPGKKLPLEVLKEMEANARKAGCTRGCLICLSHIKCTPKMKKFIPGRCHTYEGDKESAQGGIGEAIVDIPEIPGFKDLEPMEQFIAQVDLCVDCTTGCLKGLANVQCSDLLKKWLPQRCATFASKIQGQVDKIKGAGGD,0.003,sheet2
KPTENNEDGYIVGLGLNFYVTDEDADRGKLPGKKLPLEVLKEMEANARKAGCTRGCLICLSHIKCTPKMKKFIPGRCHTYEGDKESAQGGIGEAIVDIPEIPGFKDLEPMEQFIAQVDLCVDCTTGCLKGLANVQCSDLLKKWLPQRCATFASKIQGQVDKIKGAGGD,0.031,sheet2
KPTENNEDGYICVLAGNFRATDADADRGKLPGKKLPLEVLKEMEANARKAGCTRGCLICLSHIKCTPKMKKFIPGRCHTYEGDKESAQGGIGEAIVDIPEIPGFKDLEPMEQFIAQVDLCVDCTTGCLKGLANVQCSDLLKKWLPQRCATFASKIQGQVDKIKGAGGD,0.088,sheet2
KPTENNEDINIFGVEDNFNDTDTDADRGKLPGKKLPLEVLKEMEANARKAGCTRGCLICLSHIKCTPKMKKFIPGRCHTYEGDKESAQGGIGEAIVDIPEIPGFKDLEPMEQFIAQVDLCVDCTTGCLKGLANVQCSDLLKKWLPQRCATFASKIQGQVDKIKGAGGD,1.12,sheet2
KPTENNEDINIVDVVGNFDKTDVDADRGKLPGKKLPLEVLKEMEANARKAGCTRGCLICLSHIKCTPKMKKFIPGRCHTYEGDKESAQGGIGEAIVDIPEIPGFKDLEPMEQFIAQVDLCVDCTTGCLKGLANVQCSDLLKKWLPQRCATFASKIQGQVDKIKGAGGD,0.636,sheet2
KPTENNEDIDIADIAKNFNKTDPDADRGKLPGKKLPLEVLKEMEANARKAGCTRGCLICLSHIKCTPKMKKFIPGRCHTYEGDKESAQGGIGEAIVDIPEIPGFKDLEPMEQFIAQVDLCVDCTTGCLKGLANVQCSDLLKKWLPQRCATFASKIQGQVDKIKGAGGD,0.016,sheet2
KPTENNEDIDISGLVDNFVETDGDADRGKLPGKKLPLEVLKEMEANARKAGCTRGCLICLSHIKCTPKMKKFIPGRCHTYEGDKESAQGGIGEAIVDIPEIPGFKDLEPMEQFIAQVDLCVDCTTGCLKGLANVQCSDLLKKWLPQRCATFASKIQGQVDKIKGAGGD,0.788,sheet2
KPTENNEDIHIGAVGDNFGLTDIDADRGKLPGKKLPLEVLKEMEANARKAGCTRGCLICLSHIKCTPKMKKFIPGRCHTYEGDKESAQGGIGEAIVDIPEIPGFKDLEPMEQFIAQVDLCVDCTTGCLKGLANVQCSDLLKKWLPQRCATFASKIQGQVDKIKGAGGD,0.055,sheet2
KPTENNEDINIADVVKNFAETDADADRGKLPGKKLPLEVLKEMEANARKAGCTRGCLICLSHIKCTPKMKKFIPGRCHTYEGDKESAQGGIGEAIVDIPEIPGFKDLEPMEQFIAQVDLCVDCTTGCLKGLANVQCSDLLKKWLPQRCATFASKIQGQVDKIKGAGGD,1.47,sheet2
KPTENNEDLDIVDLVNNFNATDSDADRGKLPGKKLPLEVLKEMEANARKAGCTRGCLICLSHIKCTPKMKKFIPGRCHTYEGDKESAQGGIGEAIVDIPEIPGFKDLEPMEQFIAQVDLCVDCTTGCLKGLANVQCSDLLKKWLPQRCATFASKIQGQVDKIKGAGGD,0.799,sheet2
KPTENNEDLDIAALDNNFAETDTDADRGKLPGKKLPLEVLKEMEANARKAGCTRGCLICLSHIKCTPKMKKFIPGRCHTYEGDKESAQGGIGEAIVDIPEIPGFKDLEPMEQFIAQVDLCVDCTTGCLKGLANVQCSDLLKKWLPQRCATFASKIQGQVDKIKGAGGD,0.0,sheet2
KPTENNEDLDIDGVANNFIDTDRDADRGKLPGKKLPLEVLKEMEANARKAGCTRGCLICLSHIKCTPKMKKFIPGRCHTYEGDKESAQGGIGEAIVDIPEIPGFKDLEPMEQFIAQVDLCVDCTTGCLKGLANVQCSDLLKKWLPQRCATFASKIQGQVDKIKGAGGD,0.726,sheet2
KPTENNEDLDIPGIGANFTCTDEDADRGKLPGKKLPLEVLKEMEANARKAGCTRGCLICLSHIKCTPKMKKFIPGRCHTYEGDKESAQGGIGEATVDIPEIPGFKDLEPMEQFIAQVDLCVDCTTGCLKGLANVQCSDLLKKWLPQRCATFASKIQGQVDKIKGAGGD,0.001,sheet2
KPTENNEDLHICAIAVNFQSTDGDADRGKLPGKKLPLEVLKEMEANARKAGCTRGCLICLSHIKCTPKMKKFIPGRCHTYEGDKESAQGGIGEAIVDIPEIPGFKDLEPMEQFIAQVDLCVDCTTGCLKGLANVQCSDLLKKWLPQRCATFASKIQGQVDKIKGAGGD,0.066,sheet2
KPTENNEDLNIAAIDRNFNETDPDADRGKLPGKKLPLEVLKEMEANARKAGCTRGCLICLSHIKCTPKMKKFIPGRCHTYEGDKESAQGGIGEAIVDIPEIPGFKDLEPMEQFIAQVDLCVDCTTGCLKGLANVQCSDLLKKWLPQRCATFASKIQGQVDKIKGAGGD,0.406,sheet2
KPTENNEDNNISDVADNFTATDGDADRGKLPGKKLPLEVLKEMEANARKAGCTRGCLICLSHIKCTPKMKKFIPGRCHTYEGDKESAQGGIGEAIVDIPEIPGFKDLEPMEQFIAQVDLCVDCTTGCLKGLANVQCSDLLKKWLPQRCATFASKIQGQVDKIKGAGGD,0.098,sheet2
KPTENNEDRDICGLDVNFVSTDLDADRGKLPGKKLPLEVLKEMEANARKAGCTRGCLICLSHIKCTPKMKKFIPGRCHTYEGDKESAQGGIGEAIVDIPEIPGFKDLEPMEQFIAQVDLCVDCTTGCLKGLANVQCSDLLKKWLPQRCATFASKIQGQVDKIKGAGGD,1.308,sheet2
KPTENNEDRDIDGVDNNFAATDPDADRGKLPGKKLPLEVLKEMEANARKAGCTRGCLICLSHIKCTPKMKKFIPGRCHTYEGDKESAQGGIGEAIVDIPEIPGFKDLEPMEQFIAQVDLCVDCTTGCLKGLANVQCSDLLKKWLPQRCATFASKIQGQVDKIKGAGGD,0.031,sheet2
KPTENNEDRDIEGIDNNFNATDRDADRGKLPGKKLPLEVLKEMEANARKAGCTRGCLICLSHIKCTPKMKKFIPGRCHTYEGDKESAQGGIGEAIVDIPEIPGFKDLEPMEQFIAQVDLCVDCTTGCLKGLANVQCSDLLKKWLPQRCATFASKIQGQVDKIKGAGGD,0.053,sheet2
KPTENNEDRYIEGVDRNFGMTDPDADRGKLPGKKLPLEVLKEMEANARKAGCTRGCLICLSHIKCTPKMKKFIPGRCHTYEGDKESAQGGIGEAIVDIPEIPGFKDLEPMEQFIAQVDLCVDCTTGCLKGLANVQCSDLLKKWLPQRCATFASKIQGQVDKIKGAGGD,0.152,sheet2
KPTENNEDRNIDGVDSNFIATDRDADRGKLPGKKLPLEVLKEMEANARKAGCTRGCLICLSHIKCTPKMKKFIPGRCHTYEGDKESAQGGIGEAIVDIPEIPGFKDLEPMEQFIAQVDLCVDCTTGCLKGLANVQCSDLLKKWLPQRCATFASKIQGQVDKIKGAGGD,0.453,sheet2
KPTENNEDRNIFDLAGNFADTDADADRGKLPGKKLPLEVLKEMEANARKAGCTRGCLICLSHIKCTPKMKKFIPGRCHTYEGDKESAQGGIGEAIVDIPEIPGFKDLEPMEQFIAQVDLCVDCTTGCLKGLANVQCSDLLKKWLPQRCATFASKIQGQVDKIKGAGGD,1.017,sheet2
KPTENNEDRNIRVLAGNFVRTDLDADRGKLPGKKLPLEVLKEMEANARKAGCTRGCLICLSHIKCTPKMKKFIPGRCHTYEGDKESAQGGIGEAIVDIPEIPGFKDLEPMEQFIAQVDLCVDCTTGCLKGLANVQCSDLLKKWLPQRCATFASKIQGQVDKIKGAGGD,0.423,sheet2
KPTENNEDSYICAVGENFQGTDTDADRGKLPGKKLPLEVLKEMEANARKAGCTRGCLICLSHIKCTPKMKKFIPGRCHTYEGDKESAQGGIGEAIVDIPEIPGFKDLEPMEQFIAQVDLCVDCTTGCLKGLANVQCSDLLKKWLPQRCATFASKIQGQVDKIKGAGGD,0.119,sheet2
KPTENNEDSNILGVARNFAKTDADADRGKLPGKKLPLEVLKEMEANARKAGCTRGCLICLSHIKCTPKMKKFIPGRCHTYEGDKESAQGGIGEAIVDIPEIPGFKDLEPMEQFIAQVDLCVDCTTGCLKGLANVQCSDLLKKWLPQRCATFASKIQGQVDKIKGAGGD,1.067,sheet2
KPTENNEDTDIPGIGINFILTDIDADRGKLPGKKLPLEVLKEMEANARKAGCTRGCLICLSHIKCTPKMKKFIPGRCHTYEGDKESAQGGIGEAIVDIPEIPGFKDLEPMEQFIAQVDLCVDCTTGCLKGLANVQCSDLLKKWLPQRCATFASKIQGQVDKIKGAGGD,0.231,sheet2
KPTENNEDTNIEAIGVNFRGTDGDADRGKLPGKKLPLEVLKEMEANARKAGCTRGCLICLSHIKCTPKMKKFIPGRCHTYEGDKESAQGGIGEAIVDIPEIPGFKDLEPMEQFIAQVDLCVDCTTGCLKGLANVQCSDLLKKWLPQRCATFASKIQGQVDKIKGAGGD,0.94,sheet2
KPTENNEDYYIAGVAVNFVSTDGDADRGKLPGKKLPLEVLKEMEANARKAGCTRGCLICLSHIKCTPKMKKFIPGRCHTYEGDKESAQGGIGEAIVDIPEIPGFKDLEPMEQFIAQVDLCVDCTTGCLKGLANVQCSDLLKKWLPQRCATFASKIQGQVDKIKGAGGD,0.219,sheet2
KPTENNEDFNIVAVASNFATTDLDADRGKLPGKKLPLEVLKEMEANARKAGCTRGCLICLSKIKCTAKMKKFIPGRCHTYEGDKSIGQGGIGPAIVDIPEIPGFKDMEPMEQFIAQVDLCVDCTTGCLKGLANVQCSDLLKKWLPQRCATFASKIQGQVDKIKGAGGD,0.0,sheet2
KPTENNEDFNIVAVASNFATTDLDADRGKLPGKKLPLEVLKEMEANARKAGCTRGCLICLSKIKCTKKMKKFIPGRCHTYEGDKKIAQGGIGEAIVDIPEIPGFKDLEPMEQFIAQVDLCEDCTTGCLKGLANVQCSDLLKKWLPQRCATFASKIQGQVDKIKGAGGD,0.75,sheet2
KPTENNEDFNIVAVASNFATTDLDADRGKLPGKKLPLEVLKEMEANARKAGCTRGCLICLSKIKCTLKMKKFIPGRCHTYEGDKETGQGGIGAAIVDIPEIPGFKDLEPMEQFIAQVDLCVDCTTGCLKGLANVQCSDLLKKWLPQRCATFASKIQGQVDKIKGAGGD,1.921,sheet2
KPTENNEDFNIVAVASNFATTDLDADRGKLPGKKLPLEVLKEMEANARKAGCTRGCLICLSKIKCTLKMKKFIPGRCHTYEGDKESAQGGIGEAIVDIPEIPGFKDLEPMEQFIAQVDLCDDCTTGCLKGLANVQCSDLLKKWLPQRCATFASKIQGQVDKIKGAGGD,0.094,sheet2
KPTENNEDFNIVAVASNFATTDLDADRGKLPGKKLPLEVLKEMEANARNAGCTRGCLICLSHIKCTPKMKKFIPGRCHTYEGDKDTAQGGIGGAIVDIPEIPGFKDMEPMEQFIAQVDLCEDCTTGCLKGLANVQCSDLLKKWLPQRCATFASKIQGQVDKIKGAGGD,0.134,sheet2
KPTENNEDFNIVAVASNFATTDLDADRGKLPGKKLPLEVLKEMEANARNAGCTRGCLICLSKIKCTPKMKKFIPGRCHTYEGDKDSAQGGIGPAIVDIPEIPGFKDMEPMEQFIAQVDLCVDCTTGCLKGLANVQCSDLLKKWLPQRCATFASKIQGQVDKIKGAGGD,1.554,sheet2
KPTENNEDFNIVAVASNFATTDLDADRGKLPGKKLPLEVLKEMEANARNAGCTRGCLICLSKIKCTAKMKKFIPGRCHTYEGDKEIAQGGIGEAIVDIPEIPGFKNMEPMEQFIAQVDLCEDCTTGCLKGLANVQCSDLLKNWLPQRCATFASKIQGQVDK*KGAGGD,0.0,sheet2
KPTENNEDFNIVAVASNFATTDLDADRGKLPGKKLPLEVLKEMEANARNAGCTRGCLICLSKIKCTKKMKKFIPGRCHTYEGDKKIAQGGIGPAIVDIPEIPGFKDMEPMEQFIAQVDLCVDCTTGCLKGLANVQCSDLLKKWLPQRCATFASKIQGQVDKIKGAGGD,0.755,sheet2
KPTENNEDFNIVAVASNFATTDLDADRGKLPGKKLPLEVLKEMEANARNAGCTRGCLICLSKIKCTLKMKKFIPGRCHTYEGDKETAQGGIGAAIVDIPEIPGFKNMEPMGQFIAQVDLCEDCTTGCLKGLANVQCSDLLKKWLPQRCATFASKIQGQVDKIKGAGGD,1.111,sheet2
KPTENNEDFNIVAVASNFATTDLDADRGKLPGKKLPLEVLKEMEANARNAGCTRGCLICLSHIKCTAKMKKFIPGRCHTYEGDKKIAQGGIGGAIVDIPEIPGFKDMEPMEQFIAQVDLCEDCTTGCLKGLANVQCSDLLKKWLPQRCATFASKIQGQVDKIKGAGGD,0.654,sheet2
KPTENNEDFNIVAVASNFATTDLDADRGKLPGKKLPLEVLKEMEANARNAGCTRGCLICLSHIKCTLKMKKFIPGRCHTYEGDKAIGQGGIGPAIVDIPEIPGFKNMEPMEQFIAQVDLCDDCTTGCLKGLANVQCSDLLKKWLPQRCATFASKIQGQVDKIKGAGGD,0.513,sheet2
KPTENNEDFNIVAVASNFATTDLDADRGKLPGKKLPLEVLKEMEANARNAGCTRGCLICLSHIKCTLKMKKFIPGRCHTYEGDKKSAQGGIGPAIVDIPEIPGFKNLEPMEQFIAQVDLCVDCTTGCLKGLANVQCSDLLKKWLPQRCATFASKIQGQVDKIKGAGGD,0.172,sheet2
KPTENNEDFNIVAVASNFATTDLDADRGKLPGKKLPLEVLKEMEANARRAGCTRGCLICLSHIKCTPKMKKFIPGRCHTYEGDKDSAQGGIGPAIVDIPEIPGFKDLEPMEQFIAQVDLCDDCTTGCLKGLANVQCSDLLKKWLPQRCATFASKIQGQVDKIKGAGGD,0.674,sheet2
KPTENNEDFNIVAVASNFATTDLDADRGKLPGKKLPLEVLKEMEANARRAGCTRGCLICLSHIKCTPKMKKFIPGRCHTYEGDKKSAQGGIGGAIVDIPEIPGFKNLEPMEQFIAQVDLCDDCTTGCLKGLANVQCSDLLKKWLPQRCATFASKIQGQVDKIKGAGGD,1.0,sheet2
KPTENNEDFNIVAVASNFATTDLDADRGKLPGKKLPLEVLKEMEANARRAGCTRGCLICLSKIKCTKKMKKFIPGRCHTYEGDKDIGQGGIGEAIVDIPEIPGFKDMEPMEQFIAQVDLCEDCTTGCLKGLANVQCSDLLKKWLPQRCATFASKIQGQVDKIKGAGGD,0.407,sheet2
KPTENNEDFNIVAVASNFATTDLDADRGKLPGKKLPLEVLKEMEANARRAGCTRGCLICLSHIKCTAKMKKFIPGRCHTYEGDKAIGQGGIGAAIVDIPEIPGFKDLEPMEQFIAQVDLCVDCTTGCLKGLANVQCSDLLKKWLPQRCATFASKIQGQVDKIKGAGGD,0.122,sheet2
KPTENNEDFNIVAVASNFATTDLDADRGKLPGKKLPLEVLKEMEANARRAGCTRGCLICLSHIKCTAKMKKFIPGRCHTYEGDKKSGQGGIGAAIVDIPEIPGFKDMEPMEQFIAQVDLCEDCTTGCLKGLANVQCSDLLKKWLPQRCATFASKIQGQVDKIKGAGGD,1.073,sheet2
KPTENNEDFNIVAVASNFATTDLDADRGKLPGKKLPLEVLKEMEANARRAGCTRGCLICLSHIKCTAKMKKFIPGRCHTYEGDKSIGQGGIGAAIVDIPEIPGFKDMEPMEQFIAQVDLCEDCTTGCLKGLANVQCSDLLKKWLPQRCATFASKIQGQVDKIKGAGGD,1.302,sheet2
KPTENNEDFNIVAVASNFATTDLDADRGKLPGKKLPLEVLKEMEANARRAGCTRGCLICLSHIKCTLKMKKFIPGRCHTYEGDKDTAQGGIGAAIVDIPEIPGFKDLEPMEQFIAQVDLCEDCTTGCLKGLANVQCSDLLKKWLPQRCATFASKIQGQVDKIKGAGGD,0.626,sheet2
KPTENNEDFDIEGIVKNFIDTDTDADRGKLPGKKLPLEVLKEMEANARKAGCTRGCLICLSHIKCTPKMKKFIPGRCHTYEGDKESAQGGIGEAIVDIPEIPGFKDLEPMEQFIAQVDLCVDCTTGCLKGLANVQCSDLLKKWLPQRCATFASKIQGQVDKIKGAGGD,0.779,sheet2
KPTENNEDFDISALVGNFNDTDRDADRGKLPGKKLPLEVLKEMEANARKAGCTRGCLICLSHIKCTPKMKKFIPGRCHTYEGDKESAQGGIGEAIVDIPEIPGFKDLEPMEQFIAQVDLCVDCTTGCLKGLANVQCSDLLKKWLPQRCATFASKIQGQVDKIKGAGGD,0.981,sheet2
KPTENNEDFDIYGLVKNFDTTDVDADRGKLPGKKLPLEVLKEMEANARKAGCTRGCLICLSHIKCTPKMKKFIPGRCHTYEGDKESAQGGIGEAIVDIPEIPGFKDLEPMEQFIAQVDLCVDCTTGCLKGLANVQCSDLLKKWLPQRCATFASKIQGQVDKIKGAGGD,0.146,sheet2
KPTENNEDFYIGDLVVNFGDTDFDADRGKLPGKKLPLEVLKEMEANARKAGCTRGCLICLSHIKCTPKMKKFIPGRCHT*EGDKESAQGGIGEAIVDIPEIPGFKDLEPMEQFIAQVDLCVDCTTGCLKGLANVQCSDLLKKWLPQRCATFASKIQGQVDKIKGAGGD,0.0,sheet2
KPTENNEDFNIVAVASNFATTDLDADRGKLPGKKLLLEVLKEMEANARKAGCTRGCLICLSHIKCTPKMKKFIPGRCHTYEGDKESAQGGIGEAIVDIPEIPGFKDLEPMEQFIAQVDLCVDCTTGCLKGLANVQCSDLLKKWLPQRCATFASKIQGQVDKIKGAGGD,0.007,sheet2
KPTENNEDFNIVAVASNFATTDLDADRGKLPGKKLPLEVLKEMEANARKAGCTRGCLICLSHIKCTAKMKKFIPGRCHTYEGDKAIAQGGIGEAIVDIPEIPGFKLLEPMEQFIAQVDLCDDCTTGCLKGLANVQCSDLLKKWLPQRCATFASKIQGQVDKIKGAGGD,0.473,sheet2
KPTENNEDFNIVAVASNFATTDLDADRGKLPGKKLPLEVLKEMEANARKAGCTRGCLICLSHIKCTAKMKKFIPGRCHTYEGDKAIAQGGIGPAIVDIPEIPGFKNLEPMEQFIAQVDLCVDCTTGCLKGLANVQCSDLLKKWLPQRCATFASKIQGQVDKIKGAGGD,1.343,sheet2
KPTENNEDFNIVAVASNFATTDLDADRGKLPGKKLPLEVLKEMEANARKAGCTRGCLICLSHIKCTAKMKKFIPGRCHTYEGDKATAQGGIGAAIVDIPEIPGFKDLEPMEQFIAQVDLCDDCTTGCLKGLANVQCSDLLKKWLPQRCATFASKIQGQVDKIKGAGGD,0.174,sheet2
KPTENNEDFNIVAVASNFATTDLDADRGKLPGKKLPLEVLKEMEANARKAGCTRGCLICLSHIKCTAKMKKFIPGRCHTYEGDKSTGQGGIGAAIVDIPEIPGFKDMEPMEQFIAQVDLCEDCTTGCLKGLANVQCSDLLKKWLPQRCATFASKIQGQVDKIKGAGGD,0.375,sheet2
KPTENNEDFNIVAVASNFATTDLDADRGKLPGKKLPLEVLKEMEANARKAGCTRGCLICLSHIKCTKKMKKFIPGRCHTYEGDKASAQGGIGEAIVDIPEIPGFKDLEPMEQFIAQVDLCVDCTTGCLKGLANVQCSDLLKKWLPQRCATFASKIQGQVDKIKGAGGD,0.0,sheet2
KPTENNEDFNIVAVASNFATTDLDADRGKLPGKKLPLEVLKEMEANARKAGCTRGCLICLSHIKCTKKMKKFIPGRCHTYEGDKKIAQGGIGPAIVDIPEIPGFKDMEPMEQFIAQVDLCDDCTTGCLKGLANVQCSDLLKKWLPQRCATFASKIQGQVDKIKGAGGD,0.036,sheet2
KPTENNEDFNIVAVASNFATTDLDADRGKLPGKKLPLEVLKEMEANARKAGCTRGCLICLSHIKCTPKMKKFIPGRCHTYEGDKESAQGGIGEAIVDIPEIPGFKDLEPMEQFIAQVDLCVDCTTGCLKGLANVHCSDLLKKWLPDRCATFANKIQSEVSKIKGYGGD,1.007,sheet2
KPTENNEDFNIVAVASNFATTDLDADRGKLPGKKLPLEVLKEMEANARKAGCTRGCLICLSHIKCTPKMKKFIPGRCHTYEGDKESAQGGIGEAIVDIPEIPGFKDLEPMEQFIAQVDLCVDCTTGCLKGLANVHCSDLLKKWLPDRCAGFAVKIQKEVDNIKGAGGD,1.749,sheet2
KPTENNEDFNIVAVASNFATTDLDADRGKLPGKKLPLEVLKEMEANARKAGCTRGCLICLSHIKCTPKMKKFIPGRCHTYEGDKESAQGGIGEAIVDIPEIPGFKDLEPMEQFIAQVDLCVDCTTGCLKGLANVHCSDLLKKWLPDRCASFADKIQKEVDSIKGYNGD,0.383,sheet2
KPTENNEDFNIVAVASNFATTDLDADRGKLPGKKLPLEVLKEMEANARKAGCTRGCLICLSHIKCTPKMKKFIPGRCHTYEGDKESAQGGIGEAIVDIPEIPGFKDLEPMEQFIAQVDLCVDCTTGCLKGLANVHCSDLLKKWLPDRCASFANKIQGQVDKIKGLAGD,1.197,sheet2
KPTENNEDFNIVAVASNFATTDLDADRGKLPGKKLPLEVLKEMEANARKAGCTRGCLICLSHIKCTPKMKKFIPGRCHTYEGDKESAQGGIGEAIVDIPEIPGFKDLEPMEQFIAQVDLCVDCTTGCLKGLANVHCSDLLKKWLPDRCASFANKIQKQVDKIKGLNGD,0.144,sheet2
KPTENNEDFNIVAVASNFATTDLDADRGKLPGKKLPLEVLKEMEANARKAGCTRGCLICLSHIKCTPKMKKFIPGRCHTYEGDKESAQGGIGEAIVDIPEIPGFKDLEPMEQFIAQVDLCVDCTTGCLKGLANVHCSDLLKKWLPSRCAGFAVKIQNQVDKIKGAAGD,0.006,sheet2
KPTENNEDFNIVAVASNFATTDLDADRGKLPGKKLPLEVLKEMEANARKAGCTRGCLICLSHIKCTPKMKKFIPGRCHTYEGDKESAQGGIGEAIVDIPEIPGFKDLEPMEQFIAQVDLCVDCTTGCLKGLANVHCSDLLKKWLPTRCAGFADKIQNQVDKIKGMAGD,0.08,sheet2
KPTENNEDFNIVAVASNFATTDLDADRGKLPGKKLPLEVLKEMEANARKAGCTRGCLICLSHIKCTPKMKKFIPGRCHTYEGDKESAQGGIGEAIVDIPEIPGFKDLEPMEQFIAQVDLCVDCTTGCLKGLANVHCSDLLKKWLPTRCAGFANKIQGEVDKIKGLAGD,0.177,sheet2
KPTENNEDFNIVAVASNFATTDLDADRGKLPGKKLPLEVLKEMEANARKAGCTRGCLICLSHIKCTPKMKKFIPGRCHTYEGDKESAQGGIGEAIVDIPEIPGFKDLEPMEQFIAQVDLCVDCTTGCLKGLANVHCSDLLKKWLPTRCASFADKIQKQVDNIKGYNGD,0.079,sheet2
KPTENNEDFNIVAVASNFATTDLDADRGKLPGKKLPLEVLKEMEANARKAGCTRGCLICLSHIKCTPKMKKFIPGRCHTYEGDKESAQGGIGEAIVDIPEIPGFKDLEPMEQFIAQVDLCVDCTTGCLKGLANVHCSDLLKKWLPQRCATFADKIQSQVDTIKGLGGD,4.938,sheet2
KPTENNEDFNIVAVASNFATTDLDADRGKLPGKKLPLEVLKEMEANARKAGCTRGCLICLSHIKCTPKMKKFIPGRCHTYEGDKESAQGGIGEAIVDIPEIPGFKDLEPMEQFIAQVDLCVDCTTGCLKGLANVHCSDLLKKWLPQRCATFADKIQGEVDKIKGYGGD,0.615,sheet2
KPTENNEDFNIVAVASNFATTDLDADRGKLPGKKLPLEVLKEMEANARKAGCTRGCLICLSHIKCTPKMKKFIPGRCHTYEGDKESAQGGIGEAIVDIPEIPGFKDLEPMEQFIAQVDLCVDCTTGCLKGLANVKCSDLLKKWLPDRCATFANKIQKEVDTIKGLAGD,1.079,sheet2
KPTENNEDFNIVAVASNFATTDLDADRGKLPGKKLPLEVLKEMEANARKAGCTRGCLICLSHIKCTPKMKKFIPGRCHTYEGDKESAQGGIGEAIVDIPEIPGFKDLEPMEQFIAQVDLCVDCTTGCLKGLANVKCSDLLKKWLPSRCAGFAVKIQKEVDKI?GAGGD,0.011,sheet2
KPTENNEDFNIVAVASNFATTDLDADRGKLPGKKLPLEVLKEMEANARKAGCTRGCLICLSHIKCTPKMKKFIPGRCHTYEGDKESAQGGIGEAIVDIPEIPGFKDLEPMEQFIAQVDLCVDCTTGCLKGLANVKCSDLLKKWLPSRCASFANKIQNQVDSIKGYAGD,0.906,sheet2
KPTENNEDFNIVAVASNFATTDLDADRGKLPGKKLPLEVLKEMEANARKAGCTRGCLICLSHIKCTPKMKKFIPGRCHTYEGDKESAQGGIGEAIVDIPEIPGFKDLEPMEQFIAQVDLCVDCTTGCLKGLANVKCSDLLKKWLPTRCATFANKIQNQVDSIKGYAGD,0.194,sheet2
KPTENNEDFNIVAVASNFATTDLDADRGKLPGKKLPLEVLKEMEANARKAGCTRGCLICLSHIKCTPKMKKFIPGRCHTYEGDKESAQGGIGEAIVDIPEIPGFKDLEPMEQFIAQVDLCVDCTTGCLKGLANVRCSDLLKKWLPSRCAGFADKIQKQVDKIKGYAGD,1.05,sheet2
KPTENNEDFNIVAVASNFATTDLDADRGKLPGKKLPLEVLKEMEANARKAGCTRGCLICLSHIKCTPKMKKFIPGRCHTYEGDKESAQGGIGEAIVDIPEIPGFKDLEPMEQFIAQVDLCVDCTTGCLKGLANVRCSDLLKKWLPSRCAGFATKIQKQVDSIKGMAGD,1.171,sheet2
KPTENNEDFNIVAVASNFATTDLDADRGKLPGKKLPLEVLKEMEANARKAGCTRGCLICLSHIKCTPKMKKFIPGRCHTYEGDKESAQGGIGEAIVDIPEIPGFKDLEPMEQFIAQVDLCVDCTTGCLKGLANVRCSDLLKKWLPSRCAGFAVKIQKEVDSIKGYAGD,0.992,sheet2
KPTENNEDFNIVAVASNFATTDLDADRGKLPGKKLPLEVLKEMEANARKAGCTRGCLICLSHIKCTPKMKKFIPGRCHTYEGDKESAQGGIGEAIVDIPEIPGFKDLEPMEQFIAQVDLCVDCTTGCLKGLANVRCSDLLKKWLPSRCASFADKIQKEVDNIKGMGGD,4.609,sheet2
KPTENNEDFNIVAVASNFATTDLDADRGKLPGKKLPLEVLKEMEANARKAGCTRGCLICLSHIKCTPKMKKFIPGRCHTYEGDKESAQGGIGEAIVDIPEIPGFKDLEPMEQFIAQVDLCVDCTTGCLKGLANVRCSDLLKKWLPTRCASFANKIQKQVDSIKGYAGD,1.03,sheet2
KPTENNEDFNIVAVASNFATTDLDADRGKLPGKKLPLEVLKEMEANARKAGCTRGCLICLSHIKCTPKMKKFIPGRCHTYEGDKESAQGGIGEAIVDIPEIPGFKDLEPMEQFIAQVDLCVDCTTGCLKGLANVRCSDLLKKWLPQRCAGFASKIQSEVDNIKGYAGD,0.703,sheet2
KPTENNEDFNIVAVASNFATTDLDADRGKLPGKKLPLEVLKEMEANARKAGCTRGCLICLSHIKCTPKMKKFIPGRCHTYEGDKESAQGGIGEAIVDIPEIPGFKDLEPMEQFIAQVDLCVDCTTGCLKGLANVRCSDLLKKWLPQRCAGFANKIQGQVDSIKGLNGD,0.807,sheet2
KPTENNEDFNIVAVASNFATTDLDADRGKLPGKKLPLEVLKEMEANARKAGCTRGCLICLSHIKCTPKMKKFIPGRCHTYEGDKESAQGGIGEAIVDIPEIPGFKDLEPMEQFIAQVDLCVDCTTGCLKGLANVQCSDLLKKWLPSRCASFATKIQNQVDTIKGAGGD,0.706,sheet2
KPTENNEDFNIVAVASNFATTDLDADRGKLPGKKLPLEVLKEMEANARKAGCTRGCLICLSHIKCTPKMKKFIPGRCHTYEGDKESAQGGIGEAIVDIPEIPGFKDLEPMEQFIAQVDLCVDCTTGCLKGLANVQCSDLLKKWLPTRCASFAVKIQNQVDNIKGYAGD,0.17,sheet2
KPTENNEDFNIVAVASNFATTDLDADRGKLPGKKLPLEVLKEMEANARKAGCTRGCLICLSHIKCTPKMKKFIPGRCHTYEGDKEIGQGGIGGAIVDIPEIPGFKDMEPMEQFIAQVDLCDDCTTGCLKGLANVQCSDLLKKWLPQRCATFASKIQGQVDKIKGAGGD,1.165,sheet2
KPTENNEDFNIVAVASNFATTDLDADRGKLPGKKLPLEVLKEMEANARKAGCTRGCLICLSHIKCTPKMKKFIPGRCHTYEGDKESAQGGIGEAIVDIPEIPGFKDLEPMEQFIAQVDLCVDCTTGCLKGLANVQCSDLLKKWLPQRCASFADKIQNEVDNIKGLGGD,0.85,sheet2
KPTENNEDFNIVAVASNFATTDLDADRGKLPGKKLPLEVLKEMEANARKAGCTRGCLICLSHIKCTPKMKKFIPGRCHPYEGDKESAQGGIGEAIVDIPEIPGFKDLEPMEQFIAQVDLCVDCTTGCLKGLANVQCSDLLKKWLPDRCASFASKIQNQVDSIKGYAGD,0.007,sheet2
KPTENNEDFNIADIVNNFATTDADADRGKLPGKKLPLEVLKEMEANARKAGCTRGCLICLSHIKCTPKMKKFIPGRCHTYEGDKESAQGGIGEAIVDIPEIPGFKDLEPMEQFIAQVDLCVDCTTGCLKGLANVQCSDLLKKWLPQRCATFASKIQGQVDKIKGAGGD,1.046,sheet2
KPTENNEDFNILGVVGNFNATDSDADRGKLPGKKLPLEVLKEMEANARKAGCTRGCLICLSHIKCTPKMKKFIPGRCHTYEGDKESAQGGIGEAIVDIPEIPGFKDLEPMEQFIAQVDLCVDCTTGCLKGLANVQCSDLLKKWLPQRCATFASKIQGQVDKIKGAGGD,0.764,sheet2
KPTENNEDFNISGIVGNFDATDLDADRGKLPGKKLPLEVLKEMEANARKAGCTRGCLICLSHIKCTPKMKKFIPGRCHTYEGDKESAQGGIGEAIVDIPEIPGFKDLEPMEQFIAQVDLCVDCTTGCLKGLANVQCSDLLKKWLPQRCATFASKIQGQVDKIKGAGGD,0.0,sheet2
KPTENNEDRNIFAVVENFVTTDIDADRGKLPGKKLPLEVLKEMEANARPAGCTRGCLICLSKIKCTLKMKKFIPGRCHTYEGDKSTGQGGIGPAIVDIPEIPGFKDMEPMEQFIAQVDLCEDCTTGCLKGLANVQCSDLLKKWLPQRCATFASKIQGQVDKIKGAGGD,0.6658802282698254,sheet3
KPTENNKDFNIVAVASNFATTDLDADRGKLPGKKLPLEVLKEMEANARKAGCTRGCLICLSKIKCTLKMKKFIPGRCHTYEGDKSTGQGGIGPAIVDIPEIPGFKDGEPMEQFIAQVDLCVDCTTGCLKGLANVRCSDLLKKWLPDRCATFANKIQGEVDTIKGMNGD,0.33502883776363673,sheet3
KPTENNEDFNIVAVASNFATTDLDADRGKLPGKKLPLEVLKEMEANARKAGCTRGCLICLSKIKCTLKMKKFIPGRCHTYEGDKSTGQGGIGPAIVDIPEIPGFKDIEPMEQFIAQVDLCVDCTTGCLKGLANVHCSDLLKKWLPDRCASFATKIQKQVDKIKGMAGD,0.7820075866982458,sheet3
KPTENNEDFNIVAVASNFATTDLDADRGKLPGKKLPLEVLKEMEANARKAGCTRGCLICLSKIKCTLKMKKFIPGRCHTYEGDKSTGQGGIGPAIVDIPEIPGFKDMEPMEQFIAQVDLCVDCTTGCLKGLANVHCSDLLKKWLPDRCASFATKIQKQVDKIKGMAGD,1.1542260422589024,sheet3
KPTENNEDFNIVAQAMNFATTDLDADRGKLPGKKLPLEVLKEMEANARKAGCTRGCLICLSKIKCTLKMKKFIPGRCHTYEGDKSTGQGGIGPAIVDIPEIPGFKDMEPMEQFIAQVDLCEDCTTGCLKGLANVQCSDLLKKWLPQRCATFASKIQGQVDKIKGAGGD,0.3993343650270034,sheet3
KPTENNEDFNIVAVASNFATTDLDADRGKLPGKKLPLEVLKEMEANARKAGCTRGCLICLSKIKCTLKMKKFIPGRCHTYEGDKSTGQGGIGSAIVDIPEIPGFKDMEPMEQFIAQVDLCEDCTTGCLKGLANVQCSDLLKKWLPQRCATFASKIQGQVDKIKGAGGD,3.1761267300884644,sheet3
KPTENNEDFNIVAVASNFATTDLDADRGKLPGKKLPLEVLKEMEANARKAGCTRGCLICLSKIKCTLKMKKFIPGRCHTYEGDKSTGQGGIGLAIVDIPEIPGFKDMEPMEQFIAQVDLCEDCTTGCLKGLANVQCSDLLKKWLPQRCATFASKIQGQVDKIKGAGGD,2.111364136179511,sheet3
KPTENNEDFNIVAVASNFATTDLDADRGKLPGKKLPLEVLKEMEANARKAGCTRGCLICLSKIKCTLKMKKFIPGRCHTYEGDKSTGQGGIGTAIVDIPEIPGFKDMEPMEQFIAQVDLCEDCTTGCLKGLANVQCSDLLKKWLPQRCATFASKIQGQVDKIKGAGGD,2.8670341441959124,sheet3
KPTENNEDFDILGVVRNFINTDTDADRGKLPGKKLPLEVLKEMEANARSAGCTRGCLICLSKIKCTLKMKKFIPGRCHTYEGDKSTGQGGIVPAIVDIPEIPGFKDMEPMEQFIAQVDLCEDCTTGCLKGLANVQCSDLLKKWLPQRCATFASKIQGQVDKIKGAGGD,0.4970229860944314,sheet3
KPTENNEDLNILDIAKNFIETDLDADRGKLPGKKLPLEVLKEMEANARIAGCTRGCLICLSKIKCTLKMKKFIPGRCHTYEGDKSTGQGGIGPAIVDIPEIPGFKDMEPMEQFIAQVDLCEDCTTGCLKGLANVQCSDLLKKWLPQRCATFASKIQGQVDKIKGAGGD,1.3978010128434715,sheet3
KPTENNEDFNIVAVASNFATTDLDADRGKLPGKKLPLEVLKEMEANARKAGCTRGCLICLSRIKCTPKMKKFIPGRCHTYEGDKSTGQGGIGPAIVDIPEIPGFKDMEPMEQFIAQVDLCEDCTTGCLKGLANVQCSDLLKKWLPQRCATFASKIQGQVDKIKGAGGD,2.429778449358333,sheet3
KPTENNEDFNIVAVASNFATTDLDADRGKLPGKKLPLEVLKEMEANARKAGCTRGCLICLSKIKCTLKMKKFIPGRCHTYEGDKSTGQGGIGRAIVDIPEIPGFKDMEPMEQFIAQVDLCEDCTTGCLKGLANVQCSDLLKKWLPQRCATFASKIQGQVDKIKGAGGD,3.1604830920811935,sheet3
KPTENNEDFNIVAVASNFATTDLDADRGKLPGKKLPLEVLKEMEANARKAGCTRGCLICLSKIKCTLKMKKFIPGRCHTYEGDKSTGQGGIGKAIVDIPEIPGFKDMEPMEQFIAQVDLCEDCTTGCLKGLANVQCSDLLKKWLPQRCATFASKIQGQVDKIKGAGGD,3.050412120069685,sheet3
KPTENNEDFNIVAVASKFATTDLDADRGKLPGKKLPLEVLKEMEANARKAGCTRGCLICLSKIKCTLKMKKFIPGRCHTYEGDKSTGQGGIGPAIVDIPEIPGFKDMEPMEQFIAQVDLCEDCTTGCLKGLANVQCSDLLKKWLPQRCATFASKIQGQVDKIKGAGGD,1.8610375514199977,sheet3
KPTENNEDFNIVAVASNFATTDLDADRGKLPGKKLPLEVLKEMEANARKAGCTRGCLICLSQIKCTPKMKKFIPGRCHTYEGDKSTGQGGIGPAIVDIPEIPGFKDMEPMEQFIAQVDLCEDCTTGCLKGLANVQCSDLLKKWLPQRCATFASKIQGQVDKIKGAGGD,3.224030557590904,sheet3
KPTENNEDFNIVAVASNFATTDLDADRGKLPGKKLPLEVLKEMEANARKAGCTRGCLICLSTIKCTPKMKKFIPGRCHTYEGDKSTGQGGIGPAIVDIPEIPGFKDMEPMEQFIAQVDLCEDCTTGCLKGLANVQCSDLLKKWLPQRCATFASKIQGQVDKIKGAGGD,1.3299646204066575,sheet3
KPTENNEDFNIVAVASNFATTDLDADRGKLPGKKLPLEVLKEMEANARKAGCTRGCLICLSKIKCTPKMKKFIPGRCHTYEGDKSTGQGGIGPAIVDIPEIPGFKDMEPMEQFIAQVDLCEDCTTGCLKGLANVQCSDLLKKWLPQRCATFASKIQGQVDKIKGAGGD,3.3968645836183664,sheet3
KPTENNEDFNIVAVASNFATTDLDADRGKLPGKKLPLEVLKEMEANARKAGCTRGCLICLSHIKCTPKMKKFIPGRCHTYEGDKSTGQGGIGPAIVDIPEIPGFKDMEPMEQFIAQVDLCEDCTTGCLKGLANVQCSDLLKKWLPQRCATFASKIQGQVDKIKGAGGD,1.6439542041517057,sheet3
KPTENNEDFNIVAVAVDFATTDLDADRGKLPGKKLPLEVLKEMEANARKAGCTRGCLICLSKIKCTLKMKKFIPGRCHTYEGDKSTGQGGIGPAIVDIPEIPGFKDMEPMEQFIAQVDLCEDCTTGCLKGLANVQCSDLLKKWLPQRCATFASKIQGQVDKIKGAGGD,2.5416209346658194,sheet3
KPTENNEDFNIVAVASNFATTDLDADRGKLPGKKLPLEVLKEMEANARKAGCTRGCLICLSHIKCTPKMKKFIPGRCHTYEGDKSTGQGGIGRAIVDIPEIPGFKDMEPMEQFIAQVDLCEDCTTGCLKGLANVQCSDLLKKWLPQRCATFASKIQGQVDKIKGAGGD,2.350283310378656,sheet3
KPTENNEDFNIVAEASNFATTDLDADRGKLPGKKLPLEVLKEMEANARKAGCTRGCLICLSKIKCTLKMKKFIPGRCHTYEGDKSTGQGGIGPAIVDIPEIPGFKDMEPMEQFIAQVDLCEDCTTGCLKGLANVQCSDLLKKWLPQRCATFASKIQGQVDKIKGAGGD,2.3871182201358634,sheet3
KPTENNEDFNILAVASNFATTDLDADRGKLPGKKLPLEVLKEMEANARKAGCTRGCLICLSKIKCTLKMKKFIPGRCHTYEGDKSTGQGGIGPAIVDIPEIPGFKDMEPMEQFIAQVDLCEDCTTGCLKGLANVQCSDLLKKWLPQRCATFASKIQGQVDKIKGAGGD,1.931450137677392,sheet3
KPTENNEDFNIVAVASNFATTDLDADRGKLPGKKLPLEVLKEMEANARKAGCTRGCLICLSHIKCTEKMKKFIPGRCHTYEGDKSTGQGGIGRAIVDIPEIPGFKDMEPMEQFIAQVDLCEDCTTGCLKGLANVQCSDLLKKWLPQRCATFASKIQGQVDKIKGAGGD,1.6439542041517057,sheet3
KPTENNEDFNIVATASNFATTDLDADRGKLPGKKLPLEVLKEMEANARKAGCTRGCLICLSKIKCTLKMKKFIPGRCHTYEGDKSTGQGGIGPAIVDIPEIPGFKDMEPMEQFIAQVDLCEDCTTGCLKGLANVQCSDLLKKWLPQRCATFASKIQGQVDKIKGAGGD,2.7950020623738885,sheet3
KPTENNEDFSIVAVASNFATTDLDADRGKLPGKKLPLEVLKEMEANARKAGCTRGCLICLSKIKCTLKMKKFIPGRCHTYEGDKSTGQGGIGPAIVDIPEIPGFKDMEPMEQFIAQVDLCEDCTTGCLKGLANVQCSDLLKKWLPQRCATFASKIQGQVDKIKGAGGD,2.528784557430779,sheet3
KPTENNEDFNIFAVASNFATTDLDADRGKLPGKKLPLEVLKEMEANARKAGCTRGCLICLSKIKCTLKMKKFIPGRCHTYEGDKSTGQGGIGPAIVDIPEIPGFKDMEPMEQFIAQVDLCEDCTTGCLKGLANVQCSDLLKKWLPQRCATFASKIQGQVDKIKGAGGD,1.4334846416486018,sheet3
KPTENNEDFNIEAVASNFATTDLDADRGKLPGKKLPLEVLKEMEANARKAGCTRGCLICLSKIKCTLKMKKFIPGRCHTYEGDKSTGQGGIGPAIVDIPEIPGFKDMEPMEQFIAQVDLCEDCTTGCLKGLANVQCSDLLKKWLPQRCATFASKIQGQVDKIKGAGGD,2.240597449953229,sheet3
KPTENNEDFNIDAVASNFATTDLDADRGKLPGKKLPLEVLKEMEANARKAGCTRGCLICLSKIKCTLKMKKFIPGRCHTYEGDKSTGQGGIGPAIVDIPEIPGFKDMEPMEQFIAQVDLCEDCTTGCLKGLANVQCSDLLKKWLPQRCATFASKIQGQVDKIKGAGGD,2.698484991289384,sheet3
KPTENNEDFNIVAVASNFATTDLDADRGKLPGKKLPLEVLKEMEANARKAGCTRGCLICLSKIKCTLKMKKFIPGRCHTYEGDKSTGQGGIGPAIVDIPEIPGFKDMEPMEQFIAQVDLCEDCTTGCLKGLANVQCSDLLKKWLPQRCATFASKIQGQVDKIKGAGGD,3.0526700901059765,sheet3
KPTENNEDFSIVAVASNFATTDLDADRGKLPGKKLPLEVLKEMEANARKAGCTRGCLICLSHIKCTPKMKKFIPGRCHTYEGDKESAQGGIGEAIVDIPEIPGFKDLEPMEQFIAQVDLCVDCTTGCLKGLANVQCSDLLKKWLPQRCATFASKIQGQVDKIKGAGGD,2.8322959819633837,sheet4
KPTENNEDFNIKAVASNFATTDLDADRGKLPGKKLPLEVLKEMEANARKAGCTRGCLICLSHIKCTPKMKKFIPGRCHTYEGDKESAQGGIGEAIVDIPEIPGFKDLEPMEQFIAQVDLCVDCTTGCLKGLANVQCSDLLKKWLPQRCATFASKIQGQVDKIKGAGGD,1.8454454989597615,sheet4
KPTENNEDFNIAAVASNFATTDLDADRGKLPGKKLPLEVLKEMEANARKAGCTRGCLICLSHIKCTPKMKKFIPGRCHTYEGDKESAQGGIGEAIVDIPEIPGFKDLEPMEQFIAQVDLCVDCTTGCLKGLANVQCSDLLKKWLPQRCATFASKIQGQVDKIKGAGGD,3.276321481394182,sheet4
KPTENNEDFNISAVASNFATTDLDADRGKLPGKKLPLEVLKEMEANARKAGCTRGCLICLSHIKCTPKMKKFIPGRCHTYEGDKESAQGGIGEAIVDIPEIPGFKDLEPMEQFIAQVDLCVDCTTGCLKGLANVQCSDLLKKWLPQRCATFASKIQGQVDKIKGAGGD,2.607298807081583,sheet4
KPTENNEDFNIIAVASNFATTDLDADRGKLPGKKLPLEVLKEMEANARKAGCTRGCLICLSHIKCTPKMKKFIPGRCHTYEGDKESAQGGIGEAIVDIPEIPGFKDLEPMEQFIAQVDLCVDCTTGCLKGLANVQCSDLLKKWLPQRCATFASKIQGQVDKIKGAGGD,2.0921650358982804,sheet4
KPTENNEDFNIVAVASNFATTDLDADRGKLPGKKLPLEVLKEMEANARKAGCTRGCLICLSHIKCTPKMKKFIPGRCRTYEGDKESAQGGIGEAIVDIPEIPGFKDLEPMEQFIAQVDLCVDCTTGCLKGLANVQCSDLLKKWLPQRCATFASKIQGQVDKIKGAGGD,1.9430219605686583,sheet4
KPTENNEDFNIVAVASNFATTDLDADRGKLPGKKLPLEVLKEMEANARKAGCTRGCLICLSHIKCTPKMKKFIPGRCATYEGDKESAQGGIGEAIVDIPEIPGFKDLEPMEQFIAQVDLCVDCTTGCLKGLANVQCSDLLKKWLPQRCATFASKIQGQVDKIKGAGGD,2.0197233231738796,sheet4
KPTENNEDFNIVAVASNFATTDLDADRGKLPGKKLPLEVLKEMEANARKAGCTRGCLICLSHIKCTPKMKKFIPGRCCTYEGDKESAQGGIGEAIVDIPEIPGFKDLEPMEQFIAQVDLCVDCTTGCLKGLANVQCSDLLKKWLPQRCATFASKIQGQVDKIKGAGGD,2.168953722889719,sheet4
KPTENNEDFNIVAVASNFATTDLDADRGKLPGKKLPLEVLKEMEANARKAGCTRGCLICLSHIKCTPKMKKFIPGRCHPYEGDKESAQGGIGEAIVDIPEIPGFKDLEPMEQFIAQVDLCVDCTTGCLKGLANVQCSDLLKKWLPQRCATFASKIQGQVDKIKGAGGD,1.7675425239326341,sheet4
KPTENNEDFNIVAVASNFATTDLDADRGKLPGKKLPLEVLKEMEANARKAGCTRGCLICLSHIKCTPKMKKFIPGRCHRYEGDKESAQGGIGEAIVDIPEIPGFKDLEPMEQFIAQVDLCVDCTTGCLKGLANVQCSDLLKKWLPQRCATFASKIQGQVDKIKGAGGD,2.28047923280377,sheet4
KPTENNEDFNIVAVASNFATTDLDADRGKLPGKKLPLEVLKEMEANARKAGCTRGCLICLSHIKCTPKMKKFIPGRCHHYEGDKESAQGGIGEAIVDIPEIPGFKDLEPMEQFIAQVDLCVDCTTGCLKGLANVQCSDLLKKWLPQRCATFASKIQGQVDKIKGAGGD,2.6927205801560965,sheet4
KPTENNEDFNIVAVASNFATTDLDADRGKLPGKKLPLEVLKEMEANARKAGCTRGCLICLSHIKCTPKMKKFIPGRCHKYEGDKESAQGGIGEAIVDIPEIPGFKDLEPMEQFIAQVDLCVDCTTGCLKGLANVQCSDLLKKWLPQRCATFASKIQGQVDKIKGAGGD,2.2252418675423287,sheet4
KPTENNEDFNIVAVASNFATTDLDADRGKLPGKKLPLEVLKEMEANARKAGCTRGCLICLSHIKCTPKMKKFIPGRCHTYEGDKESAQGGIGEAIVDIPEIPGFKDLEPMEQFLAQVDLCVDCTTGCLKGLANVQCSDLLKKWLPQRCATFASKIQGQVDKIKGAGGD,1.1258396326643252,sheet4
KPTENNEDFNIVAVASNFATTDLDADRGKLPGKKLPLEVLKEMEANARKAGCTRGCLICLSHIKCTPKMKKFIPGRCHTYEGDKESAQGGIGEAIVDIPEIPGFKDLEPMEQFMAQVDLCVDCTTGCLKGLANVQCSDLLKKWLPQRCATFASKIQGQVDKIKGAGGD,2.924527373221461,sheet4
KPTENNEDFNIVAVASNFATTDLDADRGKLPGKKLPLEVLKEMEANARKAGCTRGCLICLSHIKCTPKMKKFIPGRCHTYEGDKESAQGGIGEAIVDIPEIPGFKDLEPMEQFSAQVDLCVDCTTGCLKGLANVQCSDLLKKWLPQRCATFASKIQGQVDKIKGAGGD,2.4244504431767226,sheet4
KPTENNEDFNIVAVASNFATTDLDADRGKLPGKKLPLEVLKEMEANARKAGCTRGCLICLSHIKCTPKMKKFIPGRCHTYDGDKESAQGGIGEAIVDIPEIPGFKDLEPMEQFLAQVDLCVDCTTGCLKGLANVQCSDLLKKWLPQRCATFASKIQGQVDKIKGAGGD,1.1830423980232592,sheet4
KPTENNEDFNIVAVASNFATTDLDADRGKLPGKKLPLEVLKEMEANARKAGCTRGCLICLSHIKCTPKMKKFIPGRCHTYEGDKESAQGGIGEAIVDIPEIPGFKDLEPMEQFRAQVDLCVDCTTGCLKGLANVQCSDLLKKWLPQRCATFASKIQGQVDKIKGAGGD,2.1145553212561854,sheet4
KPTENNEDFNIVAVASNFATTDLDADRGKLPGKKLPLEVLKEMEANARKAGCTRGCLICLSHIKCTPKMKKFIPGRCHTYEGDKESLQGGIGEAIVDIPEIPGFKDLEPMEQFIAQVDLCVDCTTGCLKGLANVQCSDLLKKWLPQRCATFASKIQGQVDKIKGAGGD,2.397060175159535,sheet4
KPTENNEDFNIVAVASNFATTDLDADRGKLPGKKLPLEVLKEMEANARKAGCTRGCLICLSHIKCTPKMKKFIPGRCHTYEGDKESKQGGIGEAIVDIPEIPGFKDLEPMEQFIAQVDLCVDCTTGCLKGLANVQCSDLLKKWLPQRCATFASKIQGQVDKIKGAGGD,1.590511455640694,sheet4
KPTENNEDFNIVAVASNFATTDLDADRGKLPGKKLPLEVLKEMEANARKAGCTRGCLICLSHIKCTPKMKKFIPGRCHTYEGDKESALGGIGEAIVDIPEIPGFKDLEPMEQFIAQVDLCVDCTTGCLKGLANVQCSDLLKKWLPQRCATFASKIQGQVDKIKGAGGD,0.5588895433170655,sheet4
KPTENNEDFNIVAVASNFATTDLDADRGKLPGKKLPLEVLKEMEANARKAGCTRGCLICLSHIKCTPKMKKFIPGRCHTYEGDKESAAGGIGEAIVDIPEIPGFKDLEPMEQFIAQVDLCVDCTTGCLKGLANVQCSDLLKKWLPQRCATFASKIQGQVDKIKGAGGD,0.38077642243779153,sheet4
KPTENNEDFNIVAVASNFATTDLDADRGKLPGKKLPLEVLKEMEANARKAGCTRGCLICLSHIKCTPKMKKFIPGRCHTYEGDKESAWGGIGEAIVDIPEIPGFKDLEPMEQFIAQVDLCVDCTTGCLKGLANVQCSDLLKKWLPQRCATFASKIQGQVDKIKGAGGD,0.3697817289181092,sheet4
KPTENNEDFNIVAVASNFATTDLDADRGKLPGKKLPLEVLKEMEANARKAGCTRGCLICLSHIKCTPKMKKFIPGRCHTYEGDKESATGGIGEAIVDIPEIPGFKDLEPMEQFIAQVDLCVDCTTGCLKGLANVQCSDLLKKWLPQRCATFASKIQGQVDKIKGAGGD,0.4913606091472538,sheet4
KPTENNEDFNIVAVASNFATTDLDADRGKLPGKKLPLEVLKEMEANARKAGCTRGCLICLSHIKCTPKMKKFIPGRCHTYEGDKESAQPGIGEAIVDIPEIPGFKDLEPMEQFIAQVDLCVDCTTGCLKGLANVQCSDLLKKWLPQRCATFASKIQGQVDKIKGAGGD,1.7392826204989922,sheet4
KPTENNEDFNIVAVASNFATTDLDADRGKLPGKKLPLEVLKEMEANARKAGCTRGCLICLSHIKCTPKMKKFIPGRCHTYEGDKESAQAGIGEAIVDIPEIPGFKDLEPMEQFIAQVDLCVDCTTGCLKGLANVQCSDLLKKWLPQRCATFASKIQGQVDKIKGAGGD,1.8331171239051347,sheet4
KPTENNEDFNIVAVASNFATTDLDADRGKLPGKKLPLEVLKEMEANARKAGCTRGCLICLSHIKCTPKMKKFIPGRCHTYEGDKESAQHGIGEAIVDIPEIPGFKDLEPMEQFIAQVDLCVDCTTGCLKGLANVQCSDLLKKWLPQRCATFASKIQGQVDKIKGAGGD,1.7362666815733783,sheet4
KPTENNEDFNIVAVASNFATTDLDADRGKLPGKKLPLEVLKEMEANARKAGCTRGCLICLSHIKCTPKMKKFIPGRCHTYEGDKESAQSGIGEAIVDIPEIPGFKDLEPMEQFIAQVDLCVDCTTGCLKGLANVQCSDLLKKWLPQRCATFASKIQGQVDKIKGAGGD,1.3851851211471407,sheet4
